4.383515560860029581e+00,0.000000000000000000e+00,1.673752994834883339e+02,0.000000000000000000e+00
0.000000000000000000e+00,4.383515560860029581e+00,0.000000000000000000e+00,1.673752994834883339e+02
1.673752994834885612e+02,0.000000000000000000e+00,7.891000825668721518e+03,0.000000000000000000e+00
0.000000000000000000e+00,1.673752994834885612e+02,0.000000000000000000e+00,7.891000825668721518e+03
# ;
4.448558775283878219e+00,0.000000000000000000e+00,6.720737199106827120e+01,0.000000000000000000e+00
0.000000000000000000e+00,4.448558775290401002e+00,0.000000000000000000e+00,6.720737199153370511e+01
6.720737199106838489e+01,0.000000000000000000e+00,1.422068112589925477e+03,0.000000000000000000e+00
0.000000000000000000e+00,6.720737199153370511e+01,0.000000000000000000e+00,1.422068112623156594e+03
# ;
3.440318909532086522e+00,2.261290967853237569e-14,2.315960915376891904e+01,-3.357777289683408361e-13
2.261290967853235044e-14,3.440318920210185816e+00,1.933856972371137893e-12,2.315961007812690298e+01
2.315960915376891904e+01,1.933856972371137893e-12,1.980610744340161546e+03,-2.871572528982548437e-11
-3.357777289683407351e-13,2.315961007812691008e+01,-2.871572528982548114e-11,1.980610823225488048e+03
# ;
4.902047207118556571e+00,6.345943965481382065e-03,7.189842923489823079e+01,-7.228276116016161268e-01
6.345943965481382065e-03,4.906178548052139377e+00,-6.234324008593432609e-01,7.135567954641282995e+01
7.189842923489732129e+01,-6.234324008593716826e-01,2.147689618264514138e+03,7.101136619126282312e+01
-7.228276116016445485e-01,7.135567954641328470e+01,7.101136619126418736e+01,2.216601376510501723e+03
# ;
4.449860257914302508e+00,4.953883380435719630e-02,1.204506647459834312e+02,-5.106449653831930391e+00
4.953883380435808448e-02,4.608119374700066828e+00,-5.188564684459407772e+00,1.040725583397615992e+02
1.204506647459834312e+02,-5.188564684459393561e+00,6.747980409930849419e+03,5.488342913013090083e+02
-5.106449653831930391e+00,1.040725583397615992e+02,5.488342913013099178e+02,8.457610616068421223e+03
# ;
4.352925984652230795e+00,4.360356798283859803e-02,1.121788827740540455e+02,-2.748340695592119687e+00
4.360356798283904212e-02,4.492151470209641673e+00,-2.761871851539396516e+00,1.033334552680898923e+02
1.121788827740539318e+02,-2.761871851539382305e+00,5.657315984322638542e+03,3.372098357748219541e+02
-2.748340695592133898e+00,1.033334552680898923e+02,3.372098357748214426e+02,6.735244897187374590e+03
# ;
4.348102624427230722e+00,2.829862634585023073e-02,1.085500308056623453e+02,-2.004098118499946679e+00
2.829862634585023073e-02,4.438475159542136339e+00,-1.997359297233401776e+00,1.021366259787619128e+02
1.085500308056622316e+02,-1.997359297233401776e+00,5.117033273213819484e+03,2.516891711551344315e+02
-2.004098118499939574e+00,1.021366259787617992e+02,2.516891711551346020e+02,5.927851785119590204e+03
# ;
4.714842523567995158e+00,1.263694760536271389e-02,7.824401332460388403e+01,-1.543460411076836181e+00
1.263694760536271389e-02,4.727457094069876575e+00,-1.069518620983892276e+00,7.697399286351219416e+01
7.824401332460388403e+01,-1.069518620983899382e+00,2.334592296871862345e+03,1.807258517945560925e+02
-1.543460411076843286e+00,7.697399286351219416e+01,1.807258517945558651e+02,2.639447243151789735e+03
# ;
4.683618562627984261e+00,1.991384547864405441e-03,1.011547917969257924e+02,-3.363561924323681396e-01
1.991384547864405441e-03,4.693823485972743015e+00,-5.571713985748314446e-01,9.912187598823834378e+01
1.011547917969257924e+02,-5.571713985748312226e-01,3.457845964420877863e+03,1.369213250267700914e+02
-3.363561924323672514e-01,9.912187598823879853e+01,1.369213250267700914e+02,3.911909344267638517e+03
# ;
4.355984246968372275e+00,-5.847770111165995210e-03,1.504960454147877726e+02,3.133479181852525386e-01
-5.847770111166106233e-03,4.349607656356621277e+00,8.020663564404584278e-01,1.517451895712221130e+02
1.504960454147878863e+02,8.020663564404584278e-01,8.020213540747274237e+03,-3.401850286192050987e+01
3.133479181852525386e-01,1.517451895712221130e+02,-3.401850286192050987e+01,7.876230648831449798e+03
# ;
4.870300339681875812e+00,-1.277497215329270741e-04,7.089696431247284636e+01,1.063632398497738052e-02
-1.277497215329548297e-04,4.870418288370757409e+00,2.975987049277062368e-02,7.085821556539212907e+01
7.089696431247284636e+01,2.975987049277106777e-02,1.468694937365413352e+03,-5.279992490182614517e+00
1.063632398497738052e-02,7.085821556539167432e+01,-5.279992490182614517e+00,1.471497129319293890e+03
# ;
4.662474616582201747e+00,6.214917217966242635e-04,1.215220622182589523e+02,-1.291211347760388151e-01
6.214917217965965079e-04,4.667967423145370276e+00,-1.481925768766074736e-01,1.203828206478897300e+02
1.215220622182594070e+02,-1.481925768766065854e-01,4.149715518455130223e+03,3.051917197636764811e+01
-1.291211347760388151e-01,1.203828206478897300e+02,3.051917197636763746e+01,4.387353540428041015e+03
# ;
4.321198378578447574e+00,1.031733790692266339e-01,1.258758835759778094e+02,-6.113835467360708265e+00
1.031733790692270780e-01,3.812880676623855436e+00,-4.966464864955980829e+00,1.505499628084531878e+02
1.258758835759778094e+02,-4.966464864956009251e+00,1.232054322820064772e+04,3.021214545590136140e+02
-6.113835467360694054e+00,1.505499628084531878e+02,3.021214545590132730e+02,1.118879713594140048e+04
# ;
3.722965282487075811e+00,5.285757361212639162e-15,8.323271838532161837e+01,-3.406298781039468437e-13
5.285757361212651784e-15,3.642887445517811074e+00,6.429219082211899191e-13,8.745635722873018381e+01
8.323271838532161837e+01,6.429219082211903230e-13,1.012383552575146859e+04,-4.143179420886216863e-11
-3.406298781039466418e-13,8.745635722873021223e+01,-4.143179420886216863e-11,9.737704274907006038e+03
# ;
4.875397204222252867e+00,1.395397335857205550e-31,7.959456092145728690e+01,1.161399099385789716e-28
1.395397335857205550e-31,4.875170411375279400e+00,-2.572359511804321478e-29,7.973943308876050651e+01
7.959456092145728690e+01,-2.572359511804249731e-29,2.489417032744728203e+03,2.728010969965279016e-27
1.161399099385775367e-28,7.973943308876050651e+01,2.728010969965279016e-27,2.396874674651968235e+03
# ;
3.312127789751266427e+00,-1.463616641802292784e-02,4.807143277190499475e+01,-3.162444913501700761e-01
-1.463616641802291396e-02,3.293440600421929432e+00,-1.573182857563702797e+00,4.523447198178349993e+01
4.807143277190500896e+01,-1.573182857563703685e+00,1.573651326708072702e+03,-3.399185267399951016e+01
-3.162444913501698540e-01,4.523447198178348572e+01,-3.399185267399950305e+01,1.246962175847807657e+03
# ;
3.943168665823144181e+00,5.502301446665569529e-01,6.475866051886004016e+01,2.739017512633466822e+01
5.502301446665498474e-01,4.109453629344343994e+00,1.852835400703372670e+01,7.999877391302720753e+01
6.475866051886004016e+01,1.852835400703372670e+01,4.000363278230344804e+03,9.223319825065700570e+02
2.739017512633461138e+01,7.999877391302709384e+01,9.223319825065700570e+02,4.970717288456198730e+03
# ;
4.450100254317888471e+00,3.365119834812304589e-01,1.373607894642802876e+02,2.319108299565209563e+01
3.365119834812304589e-01,3.926591948855506331e+00,-2.812075883196030190e-01,1.281912098938454392e+02
1.373607894642805149e+02,-2.812075883195461756e-01,1.749261127321705862e+04,2.791758917005063267e+02
2.319108299565220932e+01,1.281912098938454392e+02,2.791758917005063267e+02,1.805000956387057522e+04
# ;
4.831233287618232453e+00,-1.777101932210101154e-02,6.378358321340851944e+01,1.496737815062147092e+00
-1.777101932210456425e-02,4.795807218140282657e+00,-2.890129603832747307e-01,6.527051563788450039e+01
6.378358321340829207e+01,-2.890129603832463090e-01,1.673574629976377764e+03,-1.914012652157293815e+01
1.496737815062147092e+00,6.527051563788427302e+01,-1.914012652157407501e+01,1.620583848784011934e+03
# ;
3.374589991431425240e+00,2.253520918231916893e-04,3.756442972242446388e+01,2.932908151105965144e-01
2.253520918231919062e-04,3.376176356714540638e+00,-2.971996386457985695e-01,3.752796945135675344e+01
3.756442972242432177e+01,-2.971996386457984585e-01,8.055094660088552700e+02,-1.945714380250444364e+01
2.932908151105965144e-01,3.752796945135673923e+01,-1.945714380250446851e+01,7.557764120395152077e+02
# ;
2.933249609804785329e+00,7.679953663000854691e-02,3.131858956782663483e+01,2.731682685190746973e+00
7.679953663000849140e-02,3.005219736743624637e+00,2.511205476986576812e+00,3.357134370567941772e+01
3.131858956782662773e+01,2.511205476986577700e+00,6.585337455344008504e+02,8.731236819099939339e+01
2.731682685190746973e+00,3.357134370567942483e+01,8.731236819099939339e+01,7.250103611614580359e+02
# ;
4.739985257615145997e+00,9.320885034185977247e-02,6.317142210978386174e+01,-3.351268038257103399e+00
9.320885034185977247e-02,4.822098340508233605e+00,-3.404272742141415620e+00,6.019297809169097491e+01
6.317142210978386174e+01,-3.404272742141756680e+00,1.620780217202209315e+03,1.224775511257594189e+02
-3.351268038257217086e+00,6.019297809169074753e+01,1.224775511257621474e+02,1.754554334381802619e+03
# ;
3.845553207591395406e+00,1.914788487656271521e-02,1.708863785752290596e+02,-2.204381709558224323e+00
1.914788487656277072e-02,3.936301003960053890e+00,-3.018307044926793470e+00,1.602711439531292399e+02
1.708863785752289459e+02,-3.018307044926803684e+00,1.504480965663064126e+04,3.794632880350251867e+02
-2.204381709558237201e+00,1.602711439531292399e+02,3.794632880350244477e+02,1.633391181075219720e+04
# ;
4.618410313899126152e+00,3.409284701185066879e-03,1.082050761885200245e+02,-4.434121423953918395e-02
3.409284701185066879e-03,4.638460429405640184e+00,-1.062378524817120251e-01,1.071366958157393583e+02
1.082050761885200245e+02,-1.062378524817102488e-01,4.077459054179129453e+03,3.740441089146059994e+01
-4.434121423954096031e-02,1.071366958157391309e+02,3.740441089146048625e+01,4.328668163695718249e+03
# ;
4.003499439295197249e+00,-1.481653454513831569e-02,1.634743778815605992e+02,1.444256875769196924e+00
-1.481653454513831569e-02,4.034410990007017972e+00,1.062223876989261129e+00,1.601565640558915220e+02
1.634743778815605992e+02,1.062223876989259352e+00,1.158720340583016150e+04,-9.777972456724177164e+01
1.444256875769193371e+00,1.601565640558916357e+02,-9.777972456724177164e+01,1.200641266281898424e+04
# ;
4.839009347950110396e+00,-1.399846317785335970e-03,7.326066921672600074e+01,1.442078583705459494e-01
-1.399846317785335970e-03,4.841667414073214104e+00,1.354586590179103212e-01,7.303553021771085696e+01
7.326066921672600074e+01,1.354586590179138739e-01,1.682845006583993381e+03,-2.231078549413513201e+01
1.442078583705495021e-01,7.303553021771085696e+01,-2.231078549413516043e+01,1.738488073195432662e+03
# ;
3.789896959038902224e+00,-1.641538663151820288e-02,1.917421824459219124e+02,1.944608473147213523e+00
-1.641538663151825839e-02,3.786018348557657731e+00,1.790439957023395756e+00,1.918015659891985933e+02
1.917421824459219124e+02,1.790439957023393980e+00,1.548559408775455086e+04,-2.145972987502804870e+02
1.944608473147211747e+00,1.918015659891985933e+02,-2.145972987502804585e+02,1.553910736238200116e+04
# ;
4.626904466243153990e+00,-1.481238900629566757e-02,1.119244258272090065e+02,9.209650786777103804e-01
-1.481238900629611166e-02,4.600407264006882713e+00,7.667773140465712345e-01,1.133903662000000168e+02
1.119244258272087791e+02,7.667773140465854453e-01,4.298607077878121345e+03,-7.232365043838649399e+01
9.209650786777103804e-01,1.133903662000000168e+02,-7.232365043838672136e+01,4.235753004310729011e+03
# ;
3.503820421321140799e+00,-1.660202035367357859e-03,1.616832813450008075e+02,1.516018229817948981e+00
-1.660202035367359594e-03,3.203541845449181302e+00,7.635085451555234659e-02,1.765304151308714040e+02
1.616832813450008643e+02,7.635085451555245761e-02,1.967333983834703395e+04,-1.003176142671706543e+02
1.516018229817949425e+00,1.765304151308713472e+02,-1.003176142671707112e+02,1.892997198811045382e+04
# ;
4.836349566192296834e+00,1.464313659919370958e-05,7.245802811923294939e+01,2.104194970906525519e-02
1.464313659919197486e-05,4.823482146411635085e+00,-6.513313482135263399e-02,7.342324575607563020e+01
7.245802811923249465e+01,-6.513313482135263399e-02,1.780195076667598187e+03,-5.485981360668130691e+00
2.104194970906503315e-02,7.342324575607540282e+01,-5.485981360668130691e+00,1.587103724684733606e+03
# ;
3.835060634571902938e+00,-1.048739276267526138e-03,1.767896789651798599e+02,1.430716875242418751e-01
-1.048739276267526138e-03,3.755239543744469444e+00,1.133715625054901588e-01,1.858521799443969940e+02
1.767896789651799736e+02,1.133715625054899923e-01,1.512732495866464524e+04,-1.649308303653698360e+01
1.430716875242418196e-01,1.858521799443971076e+02,-1.649308303653698360e+01,1.406654933874443668e+04
# ;
4.607668926130621401e+00,2.012571597112966515e-02,1.113095065246488957e+02,-8.660163528226405560e-01
2.012571597113010924e-02,4.546703828071017028e+00,-1.380691101280888233e+00,1.148677596786724280e+02
1.113095065246493505e+02,-1.380691101280874022e+00,4.683455779455431184e+03,5.720384316549939285e+01
-8.660163528226405560e-01,1.148677596786724280e+02,5.720384316549939285e+01,4.322633255284810730e+03
# ;
3.496554526121807172e+00,5.501822910298714842e-02,1.707214836536310258e+02,-3.391555374266340905e+00
5.501822910298725944e-02,3.388357965020412976e+00,-4.036419058622291445e+00,1.785959946714904731e+02
1.707214836536310827e+02,-4.036419058622296774e+00,1.758316139938555716e+04,2.713268722946152138e+02
-3.391555374266340905e+00,1.785959946714904731e+02,2.713268722946151001e+02,1.690370962374022565e+04
# ;
4.560242591958832747e+00,8.860238784336393891e-03,1.134983225600135484e+02,-5.029024366522918399e-01
8.860238784336393891e-03,4.542152439744199910e+00,-5.758294125382121820e-01,1.145343904845824454e+02
1.134983225600137757e+02,-5.758294125382121820e-01,4.417793506942511158e+03,9.776087658990059026e+01
-5.029024366522882872e-01,1.145343904845826728e+02,9.776087658990059026e+01,4.213002210082373495e+03
# ;
4.695705522432774615e+00,5.660578367495450181e-03,9.572869155778926142e+01,-8.275605757780688521e-01
5.660578367495450181e-03,4.674463521309647263e+00,-7.414790199154772665e-01,9.857455920889765366e+01
9.572869155778948880e+01,-7.414790199154737138e-01,3.553922509302432445e+03,1.228527605748234919e+02
-8.275605757780706284e-01,9.857455920889765366e+01,1.228527605748234919e+02,3.145421440368470940e+03
# ;
4.621924970593035198e+00,4.022324244732145004e-03,1.163249830672143617e+02,-7.082343097528971398e-01
4.022324244732145004e-03,4.606960382275794075e+00,-6.971824750437400908e-01,1.189357154251235897e+02
1.163249830672143617e+02,-6.971824750437392026e-01,4.777173506411498238e+03,1.385984321264957089e+02
-7.082343097528926990e-01,1.189357154251233624e+02,1.385984321264956520e+02,4.268499825019483978e+03
# ;
4.548924660165098999e+00,5.458821996451979075e-03,1.278434580471514437e+02,-7.591506296956005428e-01
5.458821996451979075e-03,4.528558392488939432e+00,-7.609370766570151545e-01,1.306787931974488401e+02
1.278434580471514437e+02,-7.609370766570098255e-01,5.608536814333776420e+03,1.200006874060196935e+02
-7.591506296956023192e-01,1.306787931974488401e+02,1.200006874060196367e+02,5.161783208757333341e+03
# ;
4.783554519981436215e+00,3.280282264131573200e-03,8.898546628728604446e+01,-4.994067892152678212e-01
3.280282264131129111e-03,4.764656431606709930e+00,-4.672021313715930546e-01,9.174837317124274705e+01
8.898546628728604446e+01,-4.672021313715859492e-01,2.897167652684700442e+03,8.094946710308764182e+01
-4.994067892152713739e-01,9.174837317124229230e+01,8.094946710308755655e+01,2.457685041955701308e+03
# ;
3.318963989481375165e+00,4.070133968719796824e-02,1.882537449418517781e+02,-3.051394220951713088e+00
4.070133968719796824e-02,3.086108878316901283e+00,-3.037037277832052240e+00,2.056446907853269863e+02
1.882537449418517213e+02,-3.037037277832054016e+00,2.260945176472043022e+04,2.410719061122142364e+02
-3.051394220951710423e+00,2.056446907853269863e+02,2.410719061122142080e+02,2.123651109153663856e+04
# ;
4.659025342678852155e+00,9.543096006633167150e-03,1.088975351357694308e+02,-4.824784094165117665e-01
9.543096006633389194e-03,4.583017485539919278e+00,-3.921526791631713138e-01,1.123820981500571179e+02
1.088975351357698855e+02,-3.921526791631713138e-01,4.215999991825046891e+03,6.839129781538031239e+01
-4.824784094165117665e-01,1.123820981500568905e+02,6.839129781538008501e+01,3.781817230418906547e+03
# ;
4.654930145652798501e+00,-8.587830943973973064e-03,9.683210290670581344e+01,7.105662638700565026e-01
-8.587830943974195108e-03,4.601300513105719858e+00,1.181078997441924017e+00,1.036239481550592245e+02
9.683210290670581344e+01,1.181078997441925793e+00,4.522195933316648734e+03,-8.710964100241034203e+01
7.105662638700493972e-01,1.036239481550594519e+02,-8.710964100241025676e+01,3.577036097316584346e+03
# ;
4.680405244993210090e+00,-4.474487053443998441e-03,1.001058172751829716e+02,6.926558227500603238e-01
-4.474487053443887419e-03,4.651349477878092387e+00,7.710130613397172539e-01,1.048285416721546426e+02
1.001058172751827442e+02,7.710130613397137012e-01,4.356954352056054631e+03,-1.356087584553632439e+02
6.926558227500621001e-01,1.048285416721546426e+02,-1.356087584553631018e+02,3.424085168480331049e+03
# ;
4.621264446658209124e+00,9.242303582901900683e-03,1.071747219075127759e+02,-9.032624394207360297e-01
9.242303582902344772e-03,4.554765365860198756e+00,-1.456904298568217015e+00,1.164265364443390354e+02
1.071747219075132307e+02,-1.456904298568224121e+00,5.793618871277776634e+03,1.236340532910716661e+02
-9.032624394207253715e-01,1.164265364443390354e+02,1.236340532910718935e+02,4.354726704385837365e+03
# ;
3.547257098954796461e+00,6.916968074281926171e-02,1.410862176916162412e+02,-3.164241221420139638e+00
6.916968074281926171e-02,2.956604317834949036e+00,-3.431675027977327375e+00,1.693824107516130368e+02
1.410862176916163548e+02,-3.431675027977329151e+00,2.128008491472584137e+04,2.042104291434669108e+02
-3.164241221420137862e+00,1.693824107516130653e+02,2.042104291434666266e+02,1.941184127820596768e+04
# ;
4.328392122537636055e+00,1.650168590712230987e-02,1.249585375273715044e+02,-9.597032561063709721e-01
1.650168590712242089e-02,4.146093511262204601e+00,-8.169728352008132077e-01,1.339364689100250416e+02
1.249585375273715044e+02,-8.169728352008132077e-01,7.847996523016288847e+03,1.670984830661101910e+02
-9.597032561063709721e-01,1.339364689100250416e+02,1.670984830661100489e+02,6.353559165186143218e+03
# ;
4.637251813688408220e+00,7.869426494609532696e-03,6.728614063236841503e+01,-1.789156917164529403e-01
7.869426494609754741e-03,4.532434361561506364e+00,-6.675467103939958236e-02,6.969085654245634487e+01
6.728614063236830134e+01,-6.675467103940313507e-02,2.126474508756584328e+03,3.809752361462616932e+01
-1.789156917164493876e-01,6.969085654245634487e+01,3.809752361462625458e+01,1.725489166037310497e+03
# ;
4.086465555832511143e+00,1.434497489521091573e-02,6.075976577123856259e+01,-3.883398543637301970e-01
1.434497489521091573e-02,3.844763936926813841e+00,-2.540394253490916299e-01,6.652578484709977147e+01
6.075976577123861944e+01,-2.540394253490916299e-01,2.887725651950279371e+03,2.786963904468649389e+01
-3.883398543637284206e-01,6.652578484709977147e+01,2.786963904468645836e+01,2.517249115505751888e+03
# ;
3.352095324406483279e+00,1.538587438483295100e-02,5.022927725782891173e+01,5.388714130141347702e-02
1.538587438483295100e-02,3.250286372080684494e+00,-5.187704041142637834e-02,5.046992803402140737e+01
5.022927725782894015e+01,-5.187704041142615630e-02,1.889457090998774220e+03,2.076500742755806073e+01
5.388714130141369907e-02,5.046992803402139316e+01,2.076500742755806073e+01,1.569999042340578171e+03
# ;
3.863780466331233399e+00,6.131898727791074144e-03,3.890214372175819335e+01,1.436936303495015554e-01
6.131898727791074144e-03,3.788147982081978782e+00,1.067629434764181262e-01,3.666454379208944658e+01
3.890214372175816493e+01,1.067629434764181262e-01,6.358794384756433828e+02,6.682367325911432232e+00
1.436936303495013334e-01,3.666454379208943237e+01,6.682367325911432232e+00,5.359263357499701215e+02
# ;
3.036890135072496832e+00,4.190724687465043063e-03,2.515804946574591128e+01,1.125113369543039310e-01
4.190724687465043063e-03,2.972773817023832699e+00,9.577902533835963572e-02,2.349503414143056546e+01
2.515804946574591838e+01,9.577902533835963572e-02,3.491365280458805387e+02,3.621443174822394973e+00
1.125113369543039865e-01,2.349503414143057256e+01,3.621443174822394973e+00,2.981725323848852440e+02
# ;
2.408072508995402483e+00,3.468534629995835561e-03,1.832738954646909946e+01,9.109888736130752895e-02
3.468534629995837296e-03,2.354357946030949833e+00,8.079537150575000215e-02,1.706456904990351120e+01
1.832738954646909946e+01,8.079537150575000215e-02,2.545973412647313125e+02,2.484515756610349513e+00
9.109888736130752895e-02,1.706456904990351831e+01,2.484515756610349513e+00,2.219176941398329745e+02
# ;
2.655731951545275304e+00,5.402394898860685135e-03,1.685118049257838635e+01,8.455094175988933647e-02
5.402394898860688605e-03,2.579333791155171696e+00,7.901699702595135766e-02,1.576988451171183669e+01
1.685118049257838280e+01,7.901699702595132990e-02,1.723950070758113498e+02,1.296972848727516725e+00
8.455094175988930871e-02,1.576988451171183669e+01,1.296972848727516503e+00,1.565080759478320829e+02
# ;
2.250269150403577889e+00,4.217972855060550530e-03,1.380041199635769722e+01,6.121397853644336418e-02
4.217972855060550530e-03,2.192694379837089258e+00,5.826348406423068060e-02,1.306575000988122248e+01
1.380041199635769722e+01,5.826348406423068060e-02,1.705194841939500066e+02,8.944268347334002334e-01
6.121397853644336418e-02,1.306575000988122248e+01,8.944268347334003444e-01,1.607408843282511839e+02
# ;
1.741145398455176796e+00,3.035460724592448783e-03,1.101746741118569517e+01,4.696307803242174422e-02
3.035460724592448783e-03,1.703716202666171187e+00,4.803907814295406420e-02,1.049823532788680502e+01
1.101746741118569695e+01,4.803907814295406420e-02,1.876097730861779382e+02,7.836978769774251008e-01
4.696307803242175116e-02,1.049823532788680502e+01,7.836978769774251008e-01,1.798084682974736381e+02
# ;
1.631644946864073020e+00,3.017584079939134543e-03,1.122957844587368825e+01,4.189032011454783128e-02
3.017584079939133676e-03,1.598326907021028642e+00,4.474577632099306645e-02,1.080350196356850034e+01
1.122957844587368825e+01,4.474577632099306645e-02,1.923038677829160861e+02,6.506978208049510881e-01
4.189032011454782434e-02,1.080350196356850034e+01,6.506978208049509771e-01,1.861957067627224660e+02
# ;
2.104217569464230664e+00,3.877991566050317633e-03,1.401044031074872009e+01,3.581788602762721319e-02
3.877991566050318500e-03,2.066474233754813650e+00,3.840924828290348536e-02,1.367634861928692658e+01
1.401044031074872009e+01,3.840924828290348536e-02,1.615366125086099487e+02,3.713284779282545189e-01
3.581788602762721319e-02,1.367634861928692835e+01,3.713284779282545189e-01,1.582137721070203895e+02
# ;
2.044464898290319965e+00,2.997928213634947804e-03,1.271835038858180766e+01,2.492662116732632938e-02
2.997928213634946937e-03,2.016821201638677508e+00,2.643684627935014020e-02,1.250102350504547921e+01
1.271835038858180766e+01,2.643684627935015408e-02,1.417679690641632249e+02,2.427580798050059663e-01
2.492662116732626693e-02,1.250102350504554671e+01,2.427580798050054112e-01,1.397359736544369753e+02
# ;
1.646828402022092686e+00,1.917404565203341751e-03,1.030349514364407604e+01,1.863091859961786903e-02
1.917404565203341751e-03,1.628924266934973719e+00,1.918233304835485070e-02,1.014629537882360388e+01
1.030349514364407426e+01,1.918233304835484723e-02,1.482463886445131607e+02,2.392550089210657149e-01
1.863091859961782393e-02,1.014629537882368027e+01,2.392550089210652986e-01,1.462995635391686164e+02
# ;
1.742658569204019958e+00,1.718483862777490760e-03,1.113262919527788952e+01,1.639381513591104192e-02
1.718483862777490760e-03,1.726597483253658805e+00,1.582450483796905838e-02,1.099292982524351459e+01
1.113262919527789130e+01,1.582450483796905838e-02,1.426627393604916563e+02,1.994259583706035344e-01
1.639381513591100376e-02,1.099292982524358919e+01,1.994259583706031735e-01,1.408774898558817199e+02
# ;
1.826783571787919502e+00,1.483645795787556960e-03,1.138801273592090624e+01,1.402352473403239291e-02
1.483645795787556960e-03,1.812097788763159523e+00,1.274707914732888317e-02,1.125876775797152085e+01
1.138801273592090624e+01,1.274707914732888317e-02,1.333185683991327153e+02,1.603062011186158486e-01
1.402352473403238597e-02,1.125876775797154039e+01,1.603062011186157654e-01,1.317184953027342260e+02
# ;
1.843455690115151313e+00,1.228809534753062555e-03,1.117331325632027372e+01,1.200804167195716581e-02
1.228809534753062555e-03,1.829889927390154547e+00,1.043120250255802350e-02,1.105053284610428221e+01
1.117331325632027372e+01,1.043120250255802350e-02,1.281094087113208104e+02,1.393619558582653295e-01
1.200804167195716060e-02,1.105053284610429998e+01,1.393619558582652740e-01,1.265994480959603550e+02
# ;
1.529892725659830477e+00,8.136532025943611114e-04,9.376799730250727549e+00,9.629684900821533153e-03
8.136532025943608946e-04,1.519570424151753141e+00,7.662743817836341689e-03,9.266020323449701834e+00
9.376799730250727549e+00,7.662743817836339955e-03,1.338615888939145577e+02,1.367404549814710268e-01
9.629684900821533153e-03,9.266020323449701834e+00,1.367404549814710268e-01,1.321674954320945403e+02
# ;
2.007991197777558412e+00,9.497118491242698135e-04,1.173397770568592335e+01,9.054548346577635451e-03
9.497118491242700303e-04,1.993853401855174345e+00,7.072305670409204797e-03,1.160801348444610248e+01
1.173397770568592335e+01,7.072305670409204797e-03,1.163945551404142975e+02,8.690458680017279502e-02
9.054548346577637186e-03,1.160801348444610426e+01,8.690458680017280890e-02,1.149913621072758190e+02
# ;
1.657969307349937305e+00,5.995182621095903816e-04,9.550251787027880468e+00,6.674983416302751604e-03
5.995182621095903816e-04,1.647019874970663711e+00,4.795628029163750972e-03,9.439565751673757887e+00
9.550251787027882244e+00,4.795628029163752706e-03,1.125504671538116668e+02,7.729539935976408038e-02
6.674983416302751604e-03,9.439565751673757887e+00,7.729539935976408038e-02,1.111608845775582921e+02
# ;
1.703745930066028702e+00,5.234687695710616307e-04,9.756672548098986653e+00,5.651825049955489476e-03
5.234687695710616307e-04,1.692365239475474681e+00,4.007331188416736467e-03,9.643211038141448199e+00
9.756672548098986653e+00,4.007331188416736467e-03,1.089778221797429723e+02,6.089534187552264610e-02
5.651825049955490343e-03,9.643211038141448199e+00,6.089534187552264610e-02,1.075211887413475722e+02
# ;
1.407971957230273574e+00,3.454847375306823202e-04,8.181696313538711962e+00,4.456886709102140035e-03
3.454847375306823744e-04,1.399096852109749767e+00,2.838816011548813637e-03,8.074178354962487703e+00
8.181696313538711962e+00,2.838816011548814071e-03,1.151086328039051523e+02,5.735470668873732247e-02
4.456886709102139167e-03,8.074178354962487703e+00,5.735470668873732247e-02,1.133453991105071594e+02
# ;
1.668760078760281651e+00,3.865028341314252205e-04,9.926935055583610890e+00,4.236854940246869046e-03
3.865028341314253289e-04,1.655925883399771426e+00,2.585553411850192388e-03,9.787350314838452192e+00
9.926935055583610890e+00,2.585553411850192388e-03,1.117158539429745474e+02,3.674703127036425127e-02
4.236854940246869046e-03,9.787350314838452192e+00,3.674703127036425127e-02,1.098537747803584352e+02
# ;
1.628505803706759902e+00,3.018059859770765019e-04,9.477228824400336649e+00,3.239029309836648565e-03
3.018059859770765019e-04,1.615270983695902718e+00,1.716133105623123423e-03,9.335472334687242579e+00
9.477228824400336649e+00,1.716133105623123423e-03,1.055558946272323908e+02,2.371367223125460388e-02
3.239029309836648565e-03,9.335472334687244356e+00,2.371367223125460388e-02,1.037882644407736876e+02
# ;
1.648690258946898801e+00,2.310105641760634774e-04,9.306664894889152606e+00,2.156761643319049168e-03
2.310105641760634774e-04,1.634984059302506232e+00,7.116718656168061902e-04,9.166710988989402509e+00
9.306664894889152606e+00,7.116718656168068407e-04,9.775511749105365311e+01,4.758627381695388486e-03
2.156761643319049168e-03,9.166710988989404285e+00,4.758627381695388486e-03,9.607878708998345019e+01
# ;
1.630322577061024125e+00,1.648283758471681681e-04,8.931913323287425044e+00,1.399946239278790361e-03
1.648283758471682224e-04,1.616638030693839490e+00,1.687404940815056490e-04,8.793315866561474792e+00
8.931913323287425044e+00,1.687404940815055406e-04,9.150469299173030890e+01,-1.093197785704251405e-03
1.399946239278790144e-03,8.793315866561476568e+00,-1.093197785704250538e-03,8.984421863720993429e+01
# ;
1.865954599934907865e+00,1.419855280524799060e-04,9.454689877961101274e+00,1.176028411166263332e-03
1.419855280524799060e-04,1.849071970828436884e+00,2.675368625849104762e-04,9.305675892455141707e+00
9.454689877961101274e+00,2.675368625849104762e-04,8.094315464030714224e+01,3.964566747384442626e-03
1.176028411166263549e-03,9.305675892455143483e+00,3.964566747384442626e-03,7.942484462766840636e+01
# ;
1.774238009052473641e+00,1.971903690333036722e-04,8.637017230258127398e+00,2.630818459694961396e-03
1.971903690333036180e-04,1.757729203907571147e+00,2.389033534518632089e-03,8.487064560458421170e+00
8.637017230258123845e+00,2.389033534518631655e-03,7.778364593915352998e+01,4.395051001418946723e-02
2.630818459694960962e-03,8.487064560458424722e+00,4.395051001418946723e-02,7.620918793813982006e+01
# ;
1.612273714377270295e+00,2.472143278226831653e-04,7.763045812293773551e+00,3.656041640393501747e-03
2.472143278226831653e-04,1.597805948396198383e+00,3.184084360713777644e-03,7.623004406687369894e+00
7.763045812293773551e+00,3.184084360713778077e-03,7.528598325751370623e+01,5.412535626239592390e-02
3.656041640393501314e-03,7.623004406687371670e+00,5.412535626239592390e-02,7.364103668501405764e+01
# ;
1.778187652106689498e+00,5.585848970979102705e-04,8.298876760452632340e+00,5.351467325805107228e-03
5.585848970979102705e-04,1.760239976041512389e+00,5.867736821508576575e-03,8.138799042476810186e+00
8.298876760452632340e+00,5.867736821508576575e-03,7.041556692198983569e+01,5.200838334982842148e-02
5.351467325805107228e-03,8.138799042476811962e+00,5.200838334982842842e-02,6.872082394164237940e+01
# ;
1.699134851465351037e+00,7.802569728071540641e-04,7.748353217102762258e+00,7.320553076558865627e-03
7.802569728071540641e-04,1.681135232362631404e+00,8.793777686462330573e-03,7.585412006668736495e+00
7.748353217102764035e+00,8.793777686462330573e-03,6.775011015656529878e+01,8.624994069172745026e-02
7.320553076558866494e-03,7.585412006668738272e+00,8.624994069172745026e-02,6.604549255345635572e+01
# ;
1.373061820414120504e+00,6.748604408678884198e-04,6.386349542157925718e+00,8.287805810701525527e-03
6.748604408678884198e-04,1.359570207113943718e+00,1.046617093832280868e-02,6.232601303197933262e+00
6.386349542157925718e+00,1.046617093832280694e-02,7.656001777368837224e+01,1.508759865978632764e-01
8.287805810701525527e-03,6.232601303197933262e+00,1.508759865978632764e-01,7.425479975279058920e+01
# ;
1.389535788876382405e+00,9.498093224190376754e-04,7.068000005946935005e+00,1.162347905230913872e-02
9.498093224190378922e-04,1.373203462032859257e+00,1.355517140363406842e-02,6.874305308163579653e+00
7.068000005946935893e+00,1.355517140363407015e-02,8.566057803030150808e+01,1.877292641660300854e-01
1.162347905230914046e-02,6.874305308163580541e+00,1.877292641660300854e-01,8.266724574108957313e+01
# ;
1.544282910394493058e+00,1.443357597411219816e-03,8.191440529911570678e+00,1.539080717848393363e-02
1.443357597411219599e-03,1.521094226457820664e+00,1.656157701898070683e-02,7.943821330855347362e+00
8.191440529911568902e+00,1.656157701898070683e-02,8.726156695553042653e+01,1.907685343884338858e-01
1.539080717848393190e-02,7.943821330855347362e+00,1.907685343884338858e-01,8.418801568473953978e+01
# ;
1.312956520455522691e+00,1.189965255701377249e-03,7.117656348742462669e+00,1.504413339097976018e-02
1.189965255701377249e-03,1.293845260068086755e+00,1.576436546280643794e-02,6.885040717932580989e+00
7.117656348742461780e+00,1.576436546280643794e-02,9.428822307352126586e+01,2.324273835646438746e-01
1.504413339097976018e-02,6.885040717932580989e+00,2.324273835646438746e-01,9.090240610331002813e+01
# ;
1.434933657995813849e+00,1.511733013931850812e-03,8.198142538725813111e+00,1.719093465496539935e-02
1.511733013931850812e-03,1.410940466868620735e+00,1.725247896730656288e-02,7.933331468493661554e+00
8.198142538725811335e+00,1.725247896730656288e-02,9.742440776875241681e+01,2.258276104367668569e-01
1.719093465496539588e-02,7.933331468493660665e+00,2.258276104367668569e-01,9.389108244178792972e+01
# ;
1.324480079763260543e+00,1.325780435802789833e-03,7.696178036186045013e+00,1.593540808725946861e-02
1.325780435802790050e-03,1.302895526780046609e+00,1.514259792296525874e-02,7.445803213464087023e+00
7.696178036186045013e+00,1.514259792296525700e-02,9.837650949550362611e+01,2.119416202545901795e-01
1.593540808725946861e-02,7.445803213464087023e+00,2.119416202545901795e-01,9.485019076600531207e+01
# ;
1.792088079266998868e+00,2.087413901829412999e-03,9.776067769207850588e+00,1.772765527841749233e-02
2.087413901829413432e-03,1.759109704127040708e+00,1.792430287613012638e-02,9.487619215622466129e+00
9.776067769207848812e+00,1.792430287613012291e-02,8.776848289956004123e+01,1.650338874200499850e-01
1.772765527841749233e-02,9.487619215622466129e+00,1.650338874200499850e-01,8.485575778223963539e+01
# ;
1.660082573229455960e+00,2.013463039178808259e-03,8.741813750831756380e+00,1.846466103502428929e-02
2.013463039178808259e-03,1.631398684360920281e+00,1.989023163714896680e-02,8.484546456728654817e+00
8.741813750831756380e+00,1.989023163714896680e-02,8.496843425347339007e+01,2.142889934481548853e-01
1.846466103502428929e-02,8.484546456728654817e+00,2.142889934481549130e-01,8.229143951582354077e+01
# ;
1.501959606216190179e+00,1.798452285209452706e-03,7.965620315616355640e+00,1.892841883211187487e-02
1.798452285209452706e-03,1.478020995142374394e+00,2.074601994816945363e-02,7.730556078092558181e+00
7.965620315616355640e+00,2.074601994816945363e-02,9.008686747997295186e+01,2.734445041954512989e-01
1.892841883211187487e-02,7.730556078092558181e+00,2.734445041954512989e-01,8.706332891247637917e+01
# ;
1.455250795240595085e+00,1.841688482548254138e-03,7.988079380465621604e+00,2.087619331528547603e-02
1.841688482548254138e-03,1.432247607612177287e+00,2.230566528640690743e-02,7.744740355716358771e+00
7.988079380465622492e+00,2.230566528640690743e-02,9.656725759017260202e+01,3.140695406861804262e-01
2.087619331528547603e-02,7.744740355716358771e+00,3.140695406861804262e-01,9.309641184196489405e+01
# ;
1.803761631472245774e+00,2.695113299911218105e-03,9.668085451164689204e+00,2.507800641892527285e-02
2.695113299911218105e-03,1.771926673297276711e+00,2.563919579908099933e-02,9.382101121527153254e+00
9.668085451164689204e+00,2.563919579908099933e-02,9.112442129078885955e+01,2.721237480988168977e-01
2.507800641892527632e-02,9.382101121527153254e+00,2.721237480988169533e-01,8.804037954067327121e+01
# ;
1.467842647472149764e+00,1.855375828371587290e-03,7.826654121858195978e+00,2.025003130317102815e-02
1.855375828371587290e-03,1.445581628391294116e+00,2.002972266930947570e-02,7.602212155106429670e+00
7.826654121858195978e+00,2.002972266930947917e-02,8.748572267239718769e+01,2.693144016518612682e-01
2.025003130317103162e-02,7.602212155106428781e+00,2.693144016518612682e-01,8.471816323905733270e+01
# ;
1.528287510085307943e+00,1.945333704497754449e-03,8.296199915197531638e+00,2.051341029353615994e-02
1.945333704497754449e-03,1.504834417587916251e+00,1.989619287664387559e-02,8.062449992330835258e+00
8.296199915197531638e+00,1.989619287664387559e-02,9.103201308424412730e+01,2.638594770905622333e-01
2.051341029353615647e-02,8.062449992330835258e+00,2.638594770905622333e-01,8.796401486875481623e+01
# ;
1.337392983815941960e+00,1.405417313380938771e-03,7.403013741808020853e+00,1.752595769379015206e-02
1.405417313380938988e-03,1.318219681834121193e+00,1.404458956571632416e-02,7.184089849723140020e+00
7.403013741808020853e+00,1.404458956571632243e-02,9.546852442815296058e+01,2.463736986109059668e-01
1.752595769379015553e-02,7.184089849723139132e+00,2.463736986109059668e-01,9.213390748363714522e+01
# ;
1.762026921848011352e+00,1.956516484764716374e-03,9.641745161334842606e+00,1.854133373773329471e-02
1.956516484764716374e-03,1.731743833046668124e+00,1.570678656089133721e-02,9.360294519972004679e+00
9.641745161334842606e+00,1.570678656089134068e-02,9.169032077726049579e+01,1.812988611020013574e-01
1.854133373773329471e-02,9.360294519972006455e+00,1.812988611020013574e-01,8.856271985522289469e+01
# ;
1.485270644421231356e+00,1.364763042926692323e-03,8.001713128728539459e+00,1.424561064718739625e-02
1.364763042926692106e-03,1.462996372895577490e+00,1.219705306147143495e-02,7.779234115111687053e+00
8.001713128728539459e+00,1.219705306147143495e-02,8.477392598268464496e+01,1.681562361996107868e-01
1.424561064718739452e-02,7.779234115111687053e+00,1.681562361996107868e-01,8.213484748350988696e+01
# ;
1.536885943473155214e+00,1.317300084330664612e-03,8.171794629566317525e+00,1.291891161895020179e-02
1.317300084330664395e-03,1.514274955102583142e+00,1.124727053930454218e-02,7.952247964585122730e+00
8.171794629566317525e+00,1.124727053930454218e-02,8.290919130933116321e+01,1.398225758163608445e-01
1.291891161895020179e-02,7.952247964585122730e+00,1.398225758163608168e-01,8.015737461736505054e+01
# ;
1.501041204472894464e+00,1.181739292648644260e-03,7.942457622258142003e+00,1.179011973838782652e-02
1.181739292648644260e-03,1.478878542443944344e+00,1.036579267466063679e-02,7.715458321453448676e+00
7.942457622258141114e+00,1.036579267466063679e-02,8.314072535450968360e+01,1.333110388158540438e-01
1.179011973838782826e-02,7.715458321453448676e+00,1.333110388158540438e-01,8.019976539638767576e+01
# ;
1.905211103414498508e+00,1.604326592650265771e-03,1.024553410762171168e+01,1.393641126560754909e-02
1.604326592650265337e-03,1.867898641227109469e+00,1.416196862689288530e-02,9.899702731847401793e+00
1.024553410762171168e+01,1.416196862689288877e-02,9.917760506987383451e+01,1.533510561081221080e-01
1.393641126560754909e-02,9.899702731847401793e+00,1.533510561081221080e-01,9.539969154501690696e+01
# ;
1.749855559635296043e+00,1.130877070623271738e-03,9.158905002529721173e+00,1.231208705053794816e-02
1.130877070623271955e-03,1.718089640675561025e+00,1.089224807935450928e-02,8.870923576550357126e+00
9.158905002529721173e+00,1.089224807935450928e-02,9.208078150604261225e+01,1.674756571027123941e-01
1.231208705053794816e-02,8.870923576550357126e+00,1.674756571027123941e-01,8.907319061675431726e+01
# ;
1.650260603637296208e+00,4.929619146293149788e-04,9.697194841108750296e+00,9.010731473977909994e-03
4.929619146293148704e-04,1.615626103837842109e+00,2.436158787778601800e-03,9.328763438341621139e+00
9.697194841108750296e+00,2.436158787778602234e-03,1.465376868202166918e+02,1.404108447550165006e-01
9.010731473977909994e-03,9.328763438341621139e+00,1.404108447550164729e-01,1.413471790309831988e+02
# ;
1.680611316317678128e+00,-1.086059353532068154e-04,1.152276081940041230e+01,4.693842816811778958e-03
-1.086059353532068154e-04,1.640747110764075867e+00,-4.875832702098747279e-03,1.108933662968332001e+01
1.152276081940041408e+01,-4.875832702098747279e-03,1.945879641533805398e+02,7.475795250490865906e-02
4.693842816811778958e-03,1.108933662968332001e+01,7.475795250490865906e-02,1.885027827496071779e+02
# ;
2.034290237101332721e+00,-1.934082491723877056e-03,1.502081278684672760e+01,-5.017369177405171105e-03
-1.934082491723876623e-03,1.988491862545531230e+00,-2.370808678912588591e-02,1.461155425766793670e+01
1.502081278684672760e+01,-2.370808678912588591e-02,2.146824358636886245e+02,-3.781067791545666967e-02
-5.017369177405178043e-03,1.461155425766793847e+01,-3.781067791545666967e-02,2.100358886354940751e+02
# ;
1.744336006126660621e+00,-2.683930035120116186e-03,1.286436005569699503e+01,-1.250528227568054734e-02
-2.683930035120116186e-03,1.714599622300087223e+00,-3.508895888475361408e-02,1.260269002912053793e+01
1.286436005569699503e+01,-3.508895888475361408e-02,2.045035477348251902e+02,-1.219583786627858601e-01
-1.250528227568053694e-02,1.260269002912053793e+01,-1.219583786627858046e-01,2.012940757623860293e+02
# ;
1.837045653216328178e+00,-3.377618416036166221e-03,1.367127848586044792e+01,-2.072495071084805296e-02
-3.377618416036166221e-03,1.815429821165561952e+00,-4.780023036148903226e-02,1.349892687824775450e+01
1.367127848586044969e+01,-4.780023036148903226e-02,2.014107099272933397e+02,-3.356083535367873072e-01
-2.072495071084805296e-02,1.349892687824775450e+01,-3.356083535367873627e-01,1.990959967361383747e+02
# ;
1.883637796906037165e+00,-2.937745078690138893e-03,1.405617767378744354e+01,-8.212879826871327671e-03
-2.937745078690138026e-03,1.872530246292270606e+00,-3.750192813571801703e-02,1.396643996906131413e+01
1.405617767378744531e+01,-3.750192813571801703e-02,2.091391155648502149e+02,-7.566731482773092488e-02
-8.212879826871327671e-03,1.396643996906131591e+01,-7.566731482773092488e-02,2.072216856619694738e+02
# ;
2.229395613762445549e+00,6.964763937332488219e-04,1.512256171213565281e+01,2.905050671244573113e-02
6.964763937332492556e-04,2.222681121117816794e+00,2.201234686062256141e-02,1.503213708164802753e+01
1.512256171213565459e+01,2.201234686062256141e-02,1.737265923452121399e+02,4.344890665608056590e-01
2.905050671244572766e-02,1.503213708164802931e+01,4.344890665608057145e-01,1.717425531687106854e+02
# ;
1.957788505002235224e+00,2.531583094702249091e-03,1.243755529396045567e+01,4.034522700075318657e-02
2.531583094702249091e-03,1.952712389336016763e+00,5.775864544410964918e-02,1.233543776707904271e+01
1.243755529396045567e+01,5.775864544410964918e-02,1.406748745674438510e+02,7.569239238706325645e-01
4.034522700075318657e-02,1.233543776707904271e+01,7.569239238706325645e-01,1.381178386845727459e+02
# ;
1.719495293799297553e+00,4.177502902229473028e-03,1.081303606029542763e+01,4.000342363178105431e-02
4.177502902229473028e-03,1.712948423282396604e+00,7.793860217387751921e-02,1.066305584838568699e+01
1.081303606029542763e+01,7.793860217387751921e-02,1.403191052020782195e+02,4.628118212858715053e-01
4.000342363178105431e-02,1.066305584838568699e+01,4.628118212858716163e-01,1.367001049272295461e+02
# ;
1.865107671782108234e+00,8.822061553291540154e-03,1.190199149365488651e+01,2.576545838706270630e-02
8.822061553291540154e-03,1.838749563385685404e+00,1.194930687725452578e-01,1.144710763946234167e+01
1.190199149365488651e+01,1.194930687725452717e-01,1.477019625332911232e+02,-8.213362584703975955e-02
2.576545838706272018e-02,1.144710763946234167e+01,-8.213362584703975955e-02,1.396403466910491602e+02
# ;
2.030307675659681177e+00,6.754653610485730764e-03,1.277866055805866274e+01,-1.736212586366915334e-01
6.754653610485730764e-03,1.943628588680057723e+00,6.258749386645351409e-02,1.154066525137593402e+01
1.277866055805866274e+01,6.258749386645351409e-02,1.465429933729762411e+02,-2.994693862959298070e+00
-1.736212586366915334e-01,1.154066525137593580e+01,-2.994693862959298070e+00,1.282876900339636563e+02
# ;
2.028435576050211075e+00,-1.103798170345224317e-02,1.257810154446478634e+01,-5.209195360254220697e-01
-1.103798170345224317e-02,1.898439809560266811e+00,-1.820878229432738860e-01,1.095332802637141612e+01
1.257810154446478634e+01,-1.820878229432739137e-01,1.449148075645354368e+02,-7.470266457192352938e+00
-5.209195360254219587e-01,1.095332802637141612e+01,-7.470266457192352938e+00,1.241557699448209746e+02
# ;
1.648011743305215271e+00,-1.377067203719919281e-02,1.025132384778138395e+01,-5.089472338880076663e-01
-1.377067203719919281e-02,1.554811259336576157e+00,-2.269554897200674048e-01,9.027109072923739319e+00
1.025132384778138395e+01,-2.269554897200674048e-01,1.370648007907631438e+02,-7.903910408890203243e+00
-5.089472338880077773e-01,9.027109072923739319e+00,-7.903910408890203243e+00,1.204940296735226468e+02
# ;
1.738769335014465067e+00,-2.627354829262228131e-02,1.077705568445353279e+01,-5.270794137207777119e-01
-2.627354829262228825e-02,1.642194236467427793e+00,-3.226119562681740160e-01,9.790854929745677282e+00
1.077705568445353457e+01,-3.226119562681740716e-01,1.285883345522683499e+02,-6.329133422174670898e+00
-5.270794137207777119e-01,9.790854929745677282e+00,-6.329133422174670898e+00,1.185355938442116752e+02
# ;
1.843294791184613368e+00,-3.616622589816814726e-02,1.099409078619688884e+01,-5.278281673191593804e-01
-3.616622589816814726e-02,1.757001042722853956e+00,-3.776342075237417717e-01,1.030787831818710387e+01
1.099409078619688884e+01,-3.776342075237417162e-01,1.187105529885765662e+02,-5.597832057220272439e+00
-5.278281673191592693e-01,1.030787831818710210e+01,-5.597832057220271551e+00,1.132586345944391439e+02
# ;
2.392056929307467605e+00,-4.065099589065206409e-01,1.918638303889054342e+01,-8.378150258163680419e+00
-4.065099589065204189e-01,2.093019105482360143e+00,-6.068172659580916672e+00,1.753295225884937025e+01
1.918638303889053631e+01,-6.068172659580916672e+00,3.686536359741648994e+02,-1.261773522141614308e+02
-8.378150258163678643e+00,1.753295225884937025e+01,-1.261773522141614308e+02,3.844788053063044799e+02
# ;
2.405928722622530991e+00,-3.664661402684943337e-01,1.816586480655627511e+01,-9.275648288754423376e+00
-3.664661402684945557e-01,2.349733853202874201e+00,-5.702883874812020082e+00,2.209778429593644944e+01
1.816586480655627867e+01,-5.702883874812020082e+00,7.022311290636016565e+02,-1.447304585326346000e+02
-9.275648288754425153e+00,2.209778429593644589e+01,-1.447304585326346000e+02,8.602337532053791165e+02
# ;
2.368604552603195135e+00,-1.649984092091546506e-01,2.175210661595383854e+01,-2.943639170850664399e+00
-1.649984092091546506e-01,2.463247768638479052e+00,-2.150101521870746879e+00,2.567623227729882984e+01
2.175210661595383499e+01,-2.150101521870745991e+00,7.447757774932698567e+02,-4.167280253486778463e+01
-2.943639170850662623e+00,2.567623227729882629e+01,-4.167280253486777042e+01,8.445319016126090901e+02
# ;
2.954815650726261289e+00,-4.634888345544263544e-02,2.733860581329082606e+01,-8.115370607165717232e-02
-4.634888345544257993e-02,3.114917344911039443e+00,-6.482169602719589641e-02,3.037524622920220452e+01
2.733860581329082606e+01,-6.482169602719611845e-02,5.289109590139210013e+02,3.390532585845733138e+00
-8.115370607165717232e-02,3.037524622920221162e+01,3.390532585845733138e+00,5.837135533197674704e+02
# ;
2.300652572589904743e+00,3.705529142718469449e-02,1.949838982654862463e+01,1.802947277926862490e+00
3.705529142718468061e-02,2.470821890469081517e+00,1.883330384607744268e+00,2.423271616106692150e+01
1.949838982654862463e+01,1.883330384607743824e+00,4.713610629417632936e+02,6.549949211776657876e+01
1.802947277926862490e+00,2.423271616106692150e+01,6.549949211776657876e+01,6.177744711013247070e+02
# ;
2.427922407453127374e+00,1.813415977027577064e-01,2.190222347492847987e+01,4.335280930407709121e+00
1.813415977027577064e-01,2.628238883034736073e+00,3.699189869384163387e+00,2.649180222946842633e+01
2.190222347492847987e+01,3.699189869384164275e+00,4.370515849851553867e+02,8.403224704989770544e+01
4.335280930407709121e+00,2.649180222946842989e+01,8.403224704989770544e+01,5.480207327785208236e+02
# ;
2.555409212393117357e+00,2.711418176355500087e-01,2.213771150880151950e+01,5.159824582993827846e+00
2.711418176355500087e-01,2.687125529253308720e+00,4.322253826403866128e+00,2.474948378011305294e+01
2.213771150880151950e+01,4.322253826403867905e+00,3.513522447011678764e+02,8.206284501518871366e+01
5.159824582993827846e+00,2.474948378011305650e+01,8.206284501518871366e+01,4.072958605212081693e+02
# ;
2.836753976924594856e+00,3.239044880402806026e-01,2.145885677518898760e+01,4.727253023168204393e+00
3.239044880402806026e-01,2.853462599739503780e+00,4.081801535972818584e+00,2.169372093774614640e+01
2.145885677518899115e+01,4.081801535972818584e+00,2.604786474277066759e+02,6.122315623576247390e+01
4.727253023168204393e+00,2.169372093774614285e+01,6.122315623576245969e+01,2.660682826426539123e+02
# ;
2.671397960466405763e+00,3.054921980523999103e-01,1.931859327412088234e+01,4.208453765193768348e+00
3.054921980523999103e-01,2.572158139035113145e+00,3.966835310044498186e+00,1.753111878941240320e+01
1.931859327412087524e+01,3.966835310044498186e+00,2.336646499508240709e+02,5.756620032526456043e+01
4.208453765193768348e+00,1.753111878941239610e+01,5.756620032526456043e+01,2.022915283480507185e+02
# ;
2.064073224020702479e+00,2.207841581626404093e-01,1.657352063762278505e+01,3.674801930605701372e+00
2.207841581626404093e-01,1.920854476953131940e+00,3.807352299454437095e+00,1.323995178002640216e+01
1.657352063762278505e+01,3.807352299454436206e+00,2.813205532146730548e+02,6.770988293390324486e+01
3.674801930605701372e+00,1.323995178002640216e+01,6.770988293390324486e+01,2.013840123102571056e+02
# ;
2.864531610448251442e+00,3.294585446796611805e-01,2.278738193237862220e+01,3.723406258548278558e+00
3.294585446796614026e-01,2.359649423178807659e+00,3.817487089368821529e+00,1.596553257795417835e+01
2.278738193237861509e+01,3.817487089368819753e+00,2.928118381976009346e+02,4.446082722148324251e+01
3.723406258548278558e+00,1.596553257795417657e+01,4.446082722148324251e+01,1.987103183556112640e+02
# ;
3.510700461573263098e+00,9.097418712928373452e-02,3.744099729034091695e+01,7.022495402782458207e-01
9.097418712928373452e-02,2.051299434572380953e+00,5.569367803198845834e-01,1.044733236511252272e+01
3.744099729034091695e+01,5.569367803198854716e-01,7.338109935533277621e+02,9.052891434564145356e-01
7.022495402782458207e-01,1.044733236511252450e+01,9.052891434564216411e-01,1.592644584328119208e+02
# ;
3.439724381309518186e+00,-1.345086161457851315e-01,3.368368252785276695e+01,-2.268983202909729435e+00
-1.345086161457850205e-01,2.103818862388866506e+00,-3.248022463577131980e+00,1.271638229601409087e+01
3.368368252785276695e+01,-3.248022463577131091e+00,6.191255423535716318e+02,-4.854145073838878943e+01
-2.268983202909728547e+00,1.271638229601408909e+01,-4.854145073838877522e+01,2.296931581932553286e+02
# ;
2.759762171099027217e+00,-2.096042446911542401e-01,2.909336586177312967e+01,-4.589330266436173034e+00
-2.096042446911542401e-01,1.861954658010392505e+00,-5.334689779439919732e+00,1.307573883744352727e+01
2.909336586177312967e+01,-5.334689779439919732e+00,6.630152226992518081e+02,-1.156999751076060079e+02
-4.589330266436173034e+00,1.307573883744352727e+01,-1.156999751076060079e+02,3.004241664191090990e+02
# ;
3.467171243090772847e+00,-3.459772149453779200e-01,2.829607299707573986e+01,-4.027801168875704718e+00
-3.459772149453779200e-01,2.677765061623480936e+00,-4.532223976830518808e+00,2.000852188537084331e+01
2.829607299707575407e+01,-4.532223976830518808e+00,3.740659661124457216e+02,-5.264725821027366237e+01
-4.027801168875704718e+00,2.000852188537083975e+01,-5.264725821027366237e+01,2.663919606973763621e+02
# ;
2.841960907611677634e+00,-4.196020937288795771e-01,2.314491542166958027e+01,-7.711337703141872169e+00
-4.196020937288795771e-01,2.502298648870823872e+00,-7.373783375707439802e+00,2.076880853733515764e+01
2.314491542166958737e+01,-7.373783375707439802e+00,3.550235068068627129e+02,-1.463255380224312034e+02
-7.711337703141868616e+00,2.076880853733515409e+01,-1.463255380224312034e+02,3.409213258352757521e+02
# ;
2.919563964219851648e+00,-5.040523496919444568e-01,2.270827703286787624e+01,-7.414371810157067699e+00
-5.040523496919444568e-01,2.910887503976397284e+00,-6.548291291783211676e+00,2.505516065769148781e+01
2.270827703286787624e+01,-6.548291291783215229e+00,3.443734584595223396e+02,-9.995464140091050353e+01
-7.414371810157067699e+00,2.505516065769148781e+01,-9.995464140091047511e+01,3.948416733271585599e+02
# ;
3.251396103961329942e+00,-3.903759122217596023e-01,2.529780086162126906e+01,-4.475572813825621665e+00
-3.903759122217596023e-01,3.463123153290689871e+00,-2.607659517844417962e+00,2.951179950463746593e+01
2.529780086162126906e+01,-2.607659517844417962e+00,3.851702838867255423e+02,-3.251103057688700915e+01
-4.475572813825621665e+00,2.951179950463746593e+01,-3.251103057688698073e+01,4.459227605234561906e+02
# ;
2.699809808947175593e+00,-3.393392812369577793e-01,1.965139495680311299e+01,-5.981293719604519055e+00
-3.393392812369577793e-01,3.165356170640944100e+00,-1.056002156321438790e+00,3.112472314839251908e+01
1.965139495680311299e+01,-1.056002156321438790e+00,3.884975725425592827e+02,-2.059142146709008614e+01
-5.981293719604515502e+00,3.112472314839251908e+01,-2.059142146709007193e+01,6.309915635343079430e+02
# ;
2.434129517143225563e+00,-2.306158280958052753e-01,2.092172459570964449e+01,-4.317000729929702629e+00
-2.306158280958052753e-01,2.943536330607678053e+00,1.077983592545958214e+00,3.182665321288413907e+01
2.092172459570964094e+01,1.077983592545958658e+00,5.793790277122227508e+02,1.549487448702928560e+01
-4.317000729929702629e+00,3.182665321288413196e+01,1.549487448702928560e+01,7.713582602120756064e+02
# ;
3.251758324520012344e+00,-5.900249190242912167e-02,2.841320882923427860e+01,-7.320313634741069109e-01
-5.900249190242912167e-02,3.674464750948475356e+00,2.109423006918572874e+00,3.237002773106655695e+01
2.841320882923427149e+01,2.109423006918572874e+00,4.654563058618194304e+02,1.855932323038410203e+01
-7.320313634741060227e-01,3.237002773106655695e+01,1.855932323038410914e+01,4.906469264936395120e+02
# ;
2.627412077887240294e+00,8.200568105424055343e-02,2.098995839437902688e+01,1.573171461159554418e+00
8.200568105424055343e-02,3.021452307768637269e+00,6.188171801514132042e+00,2.563006140298063684e+01
2.098995839437903399e+01,6.188171801514133819e+00,4.575810922908099201e+02,1.100632995814568034e+02
1.573171461159554418e+00,2.563006140298064395e+01,1.100632995814568176e+02,4.698473028817792851e+02
# ;
2.346160657139485295e+00,1.984048333752226334e-01,2.190845164239523868e+01,3.389919242880103489e+00
1.984048333752226334e-01,2.572592156767961935e+00,7.367801680858603319e+00,2.280964615608586143e+01
2.190845164239523868e+01,7.367801680858605096e+00,5.709670129032667774e+02,1.252155646882733322e+02
3.389919242880102601e+00,2.280964615608586143e+01,1.252155646882733180e+02,5.071872367056873259e+02
# ;
2.610574885781417276e+00,2.606007265918628413e-01,2.649554772725073803e+01,3.342264213513084670e+00
2.606007265918628413e-01,2.580322676094833234e+00,5.809803702400371250e+00,2.314265186536172436e+01
2.649554772725073093e+01,5.809803702400371250e+00,5.521320612336046452e+02,7.514541336335548749e+01
3.342264213513082893e+00,2.314265186536172081e+01,7.514541336335548749e+01,4.531227426653620114e+02
# ;
3.011410221303855828e+00,2.129232314911977397e-01,2.865277885018022630e+01,1.622486499290232587e+00
2.129232314911977397e-01,2.777621611180407957e+00,3.419958901515240512e+00,2.315650055566827703e+01
2.865277885018021919e+01,3.419958901515240512e+00,5.048251964253432789e+02,2.680145814251385161e+01
1.622486499290230810e+00,2.315650055566826993e+01,2.680145814251383740e+01,3.967862167979085370e+02
# ;
2.361568235560063123e+00,1.482578672976229139e-01,2.537221634909023749e+01,7.609802538761671897e-01
1.482578672976229694e-01,2.078806442779487895e+00,3.134793678426907704e+00,1.786436239976598728e+01
2.537221634909024104e+01,3.134793678426907704e+00,6.488385515313623273e+02,1.882136632690293254e+01
7.609802538761667456e-01,1.786436239976598728e+01,1.882136632690293254e+01,4.720085296880937449e+02
# ;
2.958113525886399309e+00,9.499189116421485890e-02,2.963954157660174360e+01,-2.896563371136138265e-01
9.499189116421480339e-02,2.487467954204101606e+00,1.336193592627356708e+00,2.264898108345105143e+01
2.963954157660173649e+01,1.336193592627357596e+00,5.078275288916315731e+02,-2.107592576119081684e+00
-2.896563371136142706e-01,2.264898108345105143e+01,-2.107592576119085237e+00,4.110534671720762958e+02
# ;
2.779957092770901195e+00,6.307184551657685212e-03,2.627012081856124581e+01,-1.581327272274472895e+00
6.307184551657685212e-03,2.339880398201546807e+00,-5.000079446538116534e-02,2.006168643226688530e+01
2.627012081856124581e+01,-5.000079446538120698e-02,4.373799404852979364e+02,-2.412957645748184987e+01
-1.581327272274472895e+00,2.006168643226688886e+01,-2.412957645748185698e+01,3.495664804824270959e+02
# ;
2.933038253957881203e+00,-5.265491458131787983e-02,2.259682202613944924e+01,-1.416751977720049016e+00
-5.265491458131782432e-02,2.595626824678375577e+00,-6.028572811961843136e-01,1.929682796369273490e+01
2.259682202613945634e+01,-6.028572811961847577e-01,2.729541680198765334e+02,-1.457866673162612514e+01
-1.416751977720048572e+00,1.929682796369274200e+01,-1.457866673162612159e+01,2.401575569608641274e+02
# ;
2.170762707484619192e+00,-4.998296402876159505e-02,1.676389110989267905e+01,-1.440979132160187914e+00
-4.998296402876159505e-02,1.964659637924961899e+00,-6.909889691549656598e-01,1.450721400422370877e+01
1.676389110989268261e+01,-6.909889691549657709e-01,2.573549599956998577e+02,-1.939785924959431895e+01
-1.440979132160187914e+00,1.450721400422371055e+01,-1.939785924959431895e+01,2.308031562846458087e+02
# ;
2.210027041963142480e+00,-7.826433919791103699e-02,1.644242077837129301e+01,-1.480274714557008986e+00
-7.826433919791103699e-02,2.036790569422324282e+00,-9.244644193815927391e-01,1.486508071622833427e+01
1.644242077837129301e+01,-9.244644193815929611e-01,2.243099228011602122e+02,-1.716621920816818303e+01
-1.480274714557009208e+00,1.486508071622833604e+01,-1.716621920816818658e+01,2.088054230965526017e+02
# ;
2.104315008720722524e+00,-6.828839716490922584e-02,1.446436662167060838e+01,-1.009434787348099993e+00
-6.828839716490922584e-02,1.998893369491494543e+00,-6.696073364929959748e-01,1.372103392927309429e+01
1.446436662167060661e+01,-6.696073364929957528e-01,1.742506449692313595e+02,-9.762259298452850231e+00
-1.009434787348099993e+00,1.372103392927309429e+01,-9.762259298452850231e+00,1.686346699415528008e+02
# ;
2.261180269728198411e+00,-6.137564188103761254e-02,1.377976344518767959e+01,-6.561357453664802275e-01
-6.137564188103761254e-02,2.202545965205835898e+00,-4.640574672667194811e-01,1.356850099074577187e+01
1.377976344518767959e+01,-4.640574672667192591e-01,1.388696234108780914e+02,-5.019470122132069889e+00
-6.561357453664804495e-01,1.356850099074577187e+01,-5.019470122132071666e+00,1.389520116422280012e+02
# ;
1.771499993310574617e+00,-4.305073919621954515e-02,1.097632082775050222e+01,-6.239668034168998068e-01
-4.305073919621954515e-02,1.743763746446621798e+00,-4.355902553282682277e-01,1.104697361608535644e+01
1.097632082775050222e+01,-4.355902553282682277e-01,1.582881849244412820e+02,-7.764162665880174785e+00
-6.239668034168998068e-01,1.104697361608535644e+01,-7.764162665880174785e+00,1.644988358682135470e+02
# ;
1.856855357549208163e+00,-6.963344648441419094e-02,1.248861840336078899e+01,-1.022025746007609426e+00
-6.963344648441419094e-02,1.858289092714705770e+00,-7.796608000654706716e-01,1.300756136548786124e+01
1.248861840336078899e+01,-7.796608000654707826e-01,1.821206901319885674e+02,-1.242801249848992029e+01
-1.022025746007609426e+00,1.300756136548786301e+01,-1.242801249848992029e+01,1.956022888002525235e+02
# ;
1.763823456807457779e+00,-1.150882357979903514e-01,1.280622599374721915e+01,-2.049465651618162632e+00
-1.150882357979903237e-01,1.817629970149819529e+00,-1.480549470968227643e+00,1.447294062986171070e+01
1.280622599374721915e+01,-1.480549470968227643e+00,2.273656780700119953e+02,-2.780634004732189624e+01
-2.049465651618162632e+00,1.447294062986170893e+01,-2.780634004732189624e+01,2.685391652366843687e+02
# ;
2.454412059209540420e+00,-2.633926778889128517e-01,1.767222775691270442e+01,-3.181357023419614904e+00
-2.633926778889130738e-01,2.761888651323671340e+00,-2.270498596068311059e+00,2.208643092590518009e+01
1.767222775691270797e+01,-2.270498596068311059e+00,2.307278002895621114e+02,-2.796381830304344618e+01
-3.181357023419616681e+00,2.208643092590518364e+01,-2.796381830304345328e+01,2.924420240083297244e+02
# ;
1.938704244476578520e+00,-1.838438308227295925e-01,1.395838018373309630e+01,-3.138173333991105096e+00
-1.838438308227295925e-01,2.259786045936527987e+00,-1.347537290111920250e+00,2.048352465940641309e+01
1.395838018373309630e+01,-1.347537290111920694e+00,3.317542498486293425e+02,-2.360676554092046331e+01
-3.138173333991105096e+00,2.048352465940641309e+01,-2.360676554092046331e+01,4.713334594155456898e+02
# ;
2.193579337515435768e+00,-1.378122743275737583e-01,1.843874853383109524e+01,-1.821714101370269567e+00
-1.378122743275737583e-01,2.680162516140732976e+00,-2.150482041038581649e-01,2.570697407278089841e+01
1.843874853383109524e+01,-2.150482041038581649e-01,3.708782823595558398e+02,-3.057748519662116138e+00
-1.821714101370269567e+00,2.570697407278089841e+01,-3.057748519662119691e+00,4.823275500079365088e+02
# ;
2.158643799397272467e+00,-1.916088627782197573e-02,1.778813386483778913e+01,1.379906990647850606e-01
-1.916088627782197573e-02,2.635482497780566646e+00,1.582513339533003993e+00,2.500096836130350297e+01
1.778813386483778913e+01,1.582513339533003993e+00,3.448529184302632871e+02,3.011975931717331889e+01
1.379906990647850606e-01,2.500096836130351008e+01,3.011975931717331534e+01,4.648510943304523835e+02
# ;
2.659837240012980608e+00,1.222851910570428302e-01,2.004439104785249981e+01,1.859453238614522164e+00
1.222851910570429412e-01,3.104604934958476115e+00,2.622990041868799693e+00,2.495769621963664520e+01
2.004439104785249626e+01,2.622990041868799693e+00,2.747316778105268895e+02,3.549442089656776034e+01
1.859453238614521275e+00,2.495769621963663099e+01,3.549442089656776034e+01,3.360866694968340767e+02
# ;
2.584031787303770589e+00,2.111834199426149139e-01,1.942483054571747658e+01,3.124592590699622363e+00
2.111834199426150249e-01,2.913210449602863683e+00,4.166840851945364577e+00,2.285739045875057940e+01
1.942483054571748013e+01,4.166840851945361024e+00,3.080971842897089346e+02,6.237104345214521572e+01
3.124592590699622363e+00,2.285739045875057940e+01,6.237104345214521572e+01,3.472604401192473347e+02
# ;
2.625134160885310930e+00,3.290770888341090217e-01,2.221408350435363488e+01,5.832183039831171811e+00
3.290770888341090217e-01,2.610385522990296359e+00,6.518250797316877510e+00,1.965600441638895290e+01
2.221408350435363133e+01,6.518250797316875733e+00,4.060353280950491239e+02,1.197739066791602056e+02
5.832183039831170035e+00,1.965600441638895290e+01,1.197739066791602056e+02,3.327809196962685974e+02
# ;
3.054882632744822857e+00,3.573039526451802228e-01,2.602725091355452491e+01,5.212332178944238947e+00
3.573039526451804448e-01,2.639547726883043399e+00,5.237728069770778205e+00,1.843044809747507884e+01
2.602725091355453912e+01,5.237728069770781758e+00,4.046524384814826476e+02,8.008801842981372943e+01
5.212332178944240724e+00,1.843044809747508239e+01,8.008801842981372943e+01,2.769889986592686455e+02
# ;
3.010696359541162437e+00,2.416321611735297026e-01,2.744477140113905733e+01,3.207985908312565471e+00
2.416321611735297026e-01,2.347661569363276968e+00,3.388798417427782539e+00,1.533487063508654202e+01
2.744477140113905733e+01,3.388798417427784315e+00,4.693598537630396095e+02,4.827977359354727582e+01
3.207985908312567247e+00,1.533487063508654380e+01,4.827977359354727582e+01,2.451351729787506883e+02
# ;
2.477671413789712229e+00,9.367775766099123436e-02,2.620237065253383335e+01,7.290261938230890859e-01
9.367775766099120660e-02,1.861162820437266996e+00,1.129046301799256469e+00,1.206274381726766443e+01
2.620237065253383335e+01,1.129046301799256025e+00,6.278213293901962970e+02,2.301702251558864987e+00
7.290261938230890859e-01,1.206274381726766265e+01,2.301702251558864987e+00,2.860368379828483398e+02
# ;
2.285296193900824946e+00,-1.613803441391298971e-02,2.655766133061100120e+01,-1.144676686871968663e+00
-1.613803441391299665e-02,1.685562640578952998e+00,-1.293440466422008051e+00,1.298716300208098673e+01
2.655766133061100120e+01,-1.293440466422008051e+00,6.909645697527779475e+02,-3.833084936488407379e+01
-1.144676686871968441e+00,1.298716300208098495e+01,-3.833084936488407379e+01,3.681525003823597899e+02
# ;
3.386961751900141593e+00,-1.823419921092030993e-01,2.950459124654629761e+01,-2.108678802963147803e+00
-1.823419921092030993e-01,2.664560517654995131e+00,-2.681050681637977107e+00,2.118347394437087772e+01
2.950459124654629051e+01,-2.681050681637975330e+00,3.872140089824057441e+02,-2.861921022287754113e+01
-2.108678802963147803e+00,2.118347394437087416e+01,-2.861921022287754113e+01,2.860353317509104727e+02
# ;
3.046469538407104771e+00,-2.491496670457835627e-01,2.240983234316096429e+01,-3.071454258289957551e+00
-2.491496670457835627e-01,2.665175118975138258e+00,-3.623098176295558304e+00,1.854590323921350148e+01
2.240983234316096429e+01,-3.623098176295556527e+00,2.503081243579878219e+02,-4.573601544682682629e+01
-3.071454258289957551e+00,1.854590323921350503e+01,-4.573601544682682629e+01,2.033012242643071090e+02
# ;
2.489968968893843559e+00,-2.045905661782112528e-01,1.674978354725992702e+01,-2.598682484357928146e+00
-2.045905661782112528e-01,2.301037891708987981e+00,-2.928302608414417030e+00,1.502099700853044517e+01
1.674978354725992702e+01,-2.928302608414417030e+00,1.849785772247560089e+02,-3.842989073011605683e+01
-2.598682484357928146e+00,1.502099700853044517e+01,-3.842989073011604972e+01,1.647307895204068586e+02
# ;
2.505447449586159170e+00,-1.983080546731161853e-01,1.457502207504489355e+01,-1.987184199700656961e+00
-1.983080546731159632e-01,2.403147371338833604e+00,-2.150604180795705922e+00,1.397733097151036752e+01
1.457502207504489178e+01,-2.150604180795705922e+00,1.373190706554797202e+02,-2.198355040810869809e+01
-1.987184199700656073e+00,1.397733097151036752e+01,-2.198355040810870165e+01,1.334592004675831163e+02
# ;
2.191105239764715051e+00,-1.482588086496162139e-01,1.218844245518796399e+01,-1.495446060626111962e+00
-1.482588086496162139e-01,2.158830307443191820e+00,-1.517903211193113222e+00,1.233250001667650686e+01
1.218844245518796576e+01,-1.517903211193113222e+00,1.262428935826650331e+02,-1.622825304568396021e+01
-1.495446060626112406e+00,1.233250001667650331e+01,-1.622825304568395666e+01,1.328434690760869330e+02
# ;
1.721953375157191601e+00,-1.171365983734782845e-01,1.027761343798273330e+01,-1.729659526307037787e+00
-1.171365983734782845e-01,1.733025396660543560e+00,-1.469538941365269302e+00,1.120763389632081442e+01
1.027761343798273330e+01,-1.469538941365269302e+00,1.748522434315936493e+02,-2.382781513064676915e+01
-1.729659526307038231e+00,1.120763389632081442e+01,-2.382781513064676915e+01,2.058008108865248573e+02
# ;
1.836957216776342161e+00,-1.721585052893849777e-01,1.280200540155088618e+01,-2.383219989304132369e+00
-1.721585052893849777e-01,1.963697578439928870e+00,-1.992668123225364241e+00,1.543302477058552213e+01
1.280200540155088440e+01,-1.992668123225364241e+00,2.075830850912203118e+02,-2.883108553696030185e+01
-2.383219989304132369e+00,1.543302477058552036e+01,-2.883108553696030185e+01,2.598393213020960388e+02
# ;
2.115959878147142703e+00,-2.774538912743178543e-01,1.532848558034033992e+01,-3.682453770162659623e+00
-2.774538912743178543e-01,2.551563428476086415e+00,-2.862728278769838930e+00,2.212507514261710284e+01
1.532848558034033992e+01,-2.862728278769838042e+00,2.272404311977146563e+02,-3.989179416124527222e+01
-3.682453770162659623e+00,2.212507514261709929e+01,-3.989179416124527222e+01,3.385943899183022268e+02
# ;
2.176843015370773848e+00,-2.404276236656649468e-01,1.508825366957431768e+01,-3.033024534504782821e+00
-2.404276236656650578e-01,2.805029924430360033e+00,-1.946013611655592612e+00,2.420573255829147996e+01
1.508825366957431946e+01,-1.946013611655591724e+00,2.192831013294384093e+02,-2.594588763305209511e+01
-3.033024534504782821e+00,2.420573255829147286e+01,-2.594588763305210222e+01,3.633248233299043477e+02
# ;
1.753742744276330257e+00,-1.352129977654465964e-01,1.198714452950728315e+01,-2.161421714276567485e+00
-1.352129977654465409e-01,2.291511504637615992e+00,-5.136964752047916694e-01,2.235083740188122547e+01
1.198714452950728315e+01,-5.136964752047914473e-01,2.711336929036055494e+02,-5.106731160105024259e+00
-2.161421714276567485e+00,2.235083740188122192e+01,-5.106731160105027811e+00,5.001207550328699654e+02
# ;
1.706327025202526437e+00,-6.600391506220654181e-02,1.371086970993935594e+01,-8.525889089327862713e-01
-6.600391506220654181e-02,2.285703540921566024e+00,5.867956541540561011e-01,2.417813943840733515e+01
1.371086970993935417e+01,5.867956541540562121e-01,3.390823035276645783e+02,1.370434199313490886e+01
-8.525889089327862713e-01,2.417813943840733515e+01,1.370434199313490709e+01,5.479467266197227673e+02
# ;
2.543251512492347377e+00,5.043437926658533854e-02,1.990629745827045127e+01,8.261076246769984976e-01
5.043437926658531079e-02,3.209115377954131709e+00,1.507530638892424335e+00,2.694683955474611281e+01
1.990629745827044772e+01,1.507530638892424779e+00,2.672001346722128119e+02,1.834431485289604780e+01
8.261076246769984976e-01,2.694683955474611281e+01,1.834431485289604780e+01,3.496918042491872711e+02
# ;
2.423615581669201102e+00,1.247479317985719094e-01,1.774513227544873928e+01,1.892306390201648369e+00
1.247479317985719094e-01,2.897320643742242297e+00,2.742819813123151818e+00,2.292493879142653768e+01
1.774513227544873573e+01,2.742819813123151818e+00,2.468875751798489091e+02,4.051545865217615727e+01
1.892306390201648369e+00,2.292493879142654123e+01,4.051545865217616438e+01,3.141775363765748352e+02
# ;
1.922024221634086372e+00,1.192627250369990288e-01,1.469787672983665772e+01,2.022858245826013590e+00
1.192627250369990566e-01,2.228682424650257676e+00,3.094092347553375255e+00,1.852599955236266993e+01
1.469787672983665772e+01,3.094092347553375255e+00,2.862035873002582775e+02,5.297236835654791776e+01
2.022858245826013146e+00,1.852599955236266993e+01,5.297236835654791776e+01,3.416457188796310902e+02
# ;
1.971295369734314518e+00,1.623018020702379771e-01,1.640572443149062565e+01,2.296582140444448861e+00
1.623018020702379771e-01,2.221294232600485863e+00,3.240277953110277664e+00,1.902731311396058800e+01
1.640572443149062565e+01,3.240277953110277664e+00,2.994586718104927172e+02,4.597593211495804866e+01
2.296582140444449305e+00,1.902731311396058800e+01,4.597593211495805576e+01,3.299460568851767448e+02
# ;
2.627310688574122644e+00,2.445713484004585769e-01,2.048367823975570445e+01,2.394364048674579415e+00
2.445713484004585769e-01,2.769752855332959118e+00,3.231543447882003761e+00,2.090553252612100721e+01
2.048367823975570801e+01,3.231543447882005538e+00,2.676466243564476599e+02,3.254592861408836768e+01
2.394364048674580303e+00,2.090553252612101076e+01,3.254592861408836768e+01,2.632125120777008078e+02
# ;
2.473603688888677876e+00,2.391358352278057930e-01,2.067448315254037539e+01,2.328982950234991023e+00
2.391358352278057930e-01,2.452004588554121955e+00,3.867958528116977490e+00,1.831540714947281145e+01
2.067448315254037539e+01,3.867958528116977490e+00,3.550231059047470694e+02,4.098253858466325994e+01
2.328982950234991023e+00,1.831540714947281145e+01,4.098253858466325994e+01,2.947312975235000749e+02
# ;
2.269004375364946924e+00,2.045080275912076195e-01,2.068025418938822568e+01,1.851865083446449844e+00
2.045080275912076195e-01,2.119225212925567536e+00,3.610490309737071080e+00,1.629078256472568853e+01
2.068025418938822568e+01,3.610490309737071968e+00,4.154286377185713945e+02,3.564796684648644032e+01
1.851865083446449844e+00,1.629078256472568853e+01,3.564796684648643321e+01,3.169733082813083342e+02
# ;
2.209672839759496465e+00,1.711337785921731025e-01,2.415707175066174628e+01,7.270533616557601775e-01
1.711337785921730470e-01,1.886303326452138940e+00,4.040203185485390591e+00,1.437726207264013567e+01
2.415707175066174628e+01,4.040203185485390591e+00,7.784907856500972230e+02,1.462783916589047095e+01
7.270533616557606216e-01,1.437726207264013745e+01,1.462783916589047450e+01,5.040620920334960147e+02
# ;
3.493036213912676047e+00,1.888805154390044150e-02,3.199956911354817635e+01,-1.002266831835090022e+00
1.888805154390044150e-02,2.913719776545442564e+00,3.896055300495038232e-02,2.511023315488827734e+01
3.199956911354816214e+01,3.896055300495038232e-02,4.811745891143774543e+02,-1.152880172432461769e+01
-1.002266831835090244e+00,2.511023315488827734e+01,-1.152880172432461592e+01,3.988921576331950405e+02
# ;
2.943831839306931819e+00,-1.956255514719031918e-01,2.637971886971829605e+01,-4.102009355977473959e+00
-1.956255514719031918e-01,2.554807308688392453e+00,-4.284352279084501447e+00,2.034193514246766554e+01
2.637971886971828894e+01,-4.284352279084499671e+00,4.218095008510932189e+02,-8.253628398752826456e+01
-4.102009355977473959e+00,2.034193514246766554e+01,-8.253628398752823614e+01,3.075123230146302831e+02
# ;
2.588788846662389176e+00,-2.441911300771759663e-01,2.214880540670245779e+01,-4.182617577073308723e+00
-2.441911300771759663e-01,2.323923530899586698e+00,-4.683374577597964716e+00,1.790578786390501165e+01
2.214880540670245068e+01,-4.683374577597962940e+00,3.409959602144166411e+02,-7.734734540035452710e+01
-4.182617577073306947e+00,1.790578786390500809e+01,-7.734734540035452710e+01,2.592032714308054437e+02
# ;
2.442077705131672882e+00,-2.367205183345665320e-01,1.877363585762038412e+01,-3.263970880569834421e+00
-2.367205183345666430e-01,2.243334347115413685e+00,-3.659179657151904408e+00,1.598709711124318034e+01
1.877363585762038767e+01,-3.659179657151904408e+00,2.436901531416707769e+02,-4.963567003663477806e+01
-3.263970880569834421e+00,1.598709711124318034e+01,-4.963567003663477806e+01,1.982629298082211449e+02
# ;
2.506617571770088038e+00,-2.083904973729784338e-01,1.607295119907005443e+01,-2.126291580740723219e+00
-2.083904973729784338e-01,2.350898491358369924e+00,-2.349086336083088256e+00,1.443546921415026141e+01
1.607295119907005798e+01,-2.349086336083088256e+00,1.603899289093760103e+02,-2.387347306636284827e+01
-2.126291580740723219e+00,1.443546921415026141e+01,-2.387347306636284827e+01,1.411523067521849839e+02
# ;
2.358277209339720848e+00,-1.778680346414391877e-01,1.434543968397925617e+01,-1.843062463461989875e+00
-1.778680346414392988e-01,2.272111925641445040e+00,-1.912731729968110805e+00,1.381246482660169228e+01
1.434543968397925617e+01,-1.912731729968111249e+00,1.569520847283424416e+02,-2.154994126257071585e+01
-1.843062463461990319e+00,1.381246482660169228e+01,-2.154994126257071940e+01,1.565221529248039474e+02
# ;
1.858365326456175692e+00,-1.072370448253338049e-01,1.215180710562368205e+01,-1.257688522820976207e+00
-1.072370448253338326e-01,1.828936163019755146e+00,-1.154608771699896952e+00,1.236676699433290949e+01
1.215180710562368205e+01,-1.154608771699896952e+00,2.215601928151688185e+02,-1.458094544282280225e+01
-1.257688522820976207e+00,1.236676699433290949e+01,-1.458094544282280047e+01,2.359352517241665055e+02
# ;
2.426070280970873849e+00,-9.448608863341761976e-02,1.594695235843125403e+01,-6.772350939928966085e-01
-9.448608863341761976e-02,2.457740059630627361e+00,-5.822276968357567029e-01,1.670174018073951672e+01
1.594695235843125580e+01,-5.822276968357564808e-01,1.853316561020708946e+02,-4.234495094352372035e+00
-6.772350939928966085e-01,1.670174018073951672e+01,-4.234495094352373812e+00,1.971262111706794826e+02
# ;
2.575846197675218718e+00,-4.224474091822554289e-01,1.709037711746570665e+01,-7.281464323556129159e+00
-4.224474091822556510e-01,2.987549763519870893e+00,-4.635387463812765674e+00,2.609813699640557161e+01
1.709037711746570309e+01,-4.635387463812765674e+00,2.795387664316381233e+02,-8.324966354959377668e+01
-7.281464323556125606e+00,2.609813699640557161e+01,-8.324966354959377668e+01,4.709416334803100881e+02
# ;
2.299907978361946270e+00,-2.957631804461196001e-01,1.590946494729196559e+01,-6.030204915487772155e+00
-2.957631804461196001e-01,2.820766010846786465e+00,-2.441160374252459242e+00,2.797501550374177981e+01
1.590946494729196559e+01,-2.441160374252459242e+00,4.873808287384621849e+02,-5.026013372724298733e+01
-6.030204915487772155e+00,2.797501550374177270e+01,-5.026013372724298733e+01,7.712759456219824870e+02
# ;
2.293873436945972344e+00,-1.376460686655830434e-01,1.972066111999546578e+01,-2.225446592143295099e+00
-1.376460686655830434e-01,2.812464827125390254e+00,-1.108050869536332250e-01,2.954551983788125114e+01
1.972066111999546578e+01,-1.108050869536327809e-01,5.464114304963193263e+02,7.703895060835073139e-01
-2.225446592143295987e+00,2.954551983788125824e+01,7.703895060835037611e-01,7.452062716288256752e+02
# ;
2.943424428886515898e+00,-2.857913211331733483e-02,2.773263301390449698e+01,-2.058156273889393262e-01
-2.857913211331733483e-02,3.327021028212597820e+00,9.896401625258683943e-01,3.214698766024731214e+01
2.773263301390450408e+01,9.896401625258677281e-01,5.344130416915681963e+02,1.251822970140878866e+01
-2.058156273889388821e-01,3.214698766024730503e+01,1.251822970140878866e+01,5.921865714330253923e+02
# ;
2.220068284736608888e+00,4.460811885462576121e-02,2.028709281560425381e+01,1.364164788749667290e+00
4.460811885462576121e-02,2.478675244024337587e+00,2.671567989322646941e+00,2.485885525807713492e+01
2.028709281560425737e+01,2.671567989322646497e+00,4.944937333948499827e+02,6.460359887029643744e+01
1.364164788749667512e+00,2.485885525807713847e+01,6.460359887029643744e+01,5.938348689701435887e+02
# ;
2.473020433885511959e+00,1.573920610013371801e-01,2.308260980337636781e+01,2.997332216472329947e+00
1.573920610013371801e-01,2.680684028065651425e+00,3.657713481369149200e+00,2.599278541531569076e+01
2.308260980337636425e+01,3.657713481369148312e+00,4.400233767605775483e+02,6.620820446210858279e+01
2.997332216472329947e+00,2.599278541531568365e+01,6.620820446210858279e+01,4.887355548298817212e+02
# ;
2.499655813733736132e+00,2.140503794754886613e-01,2.312397394915176463e+01,4.067074965229011241e+00
2.140503794754886613e-01,2.539885914101600584e+00,4.325370039878363215e+00,2.280273094145969637e+01
2.312397394915176463e+01,4.325370039878363215e+00,4.217796659211708175e+02,8.385259797062352050e+01
4.067074965229011241e+00,2.280273094145969992e+01,8.385259797062353471e+01,4.054344769844988150e+02
# ;
2.967453006016486761e+00,2.539404828733387021e-01,2.600552736159524869e+01,4.065050038979251212e+00
2.539404828733387021e-01,2.728254638333906801e+00,3.962360017958364011e+00,2.107284199722669982e+01
2.600552736159524159e+01,3.962360017958360459e+00,4.147336873808836799e+02,6.753920148252319677e+01
4.065050038979251212e+00,2.107284199722669626e+01,6.753920148252316835e+01,3.218943180496390823e+02
# ;
2.998740586161354749e+00,2.078576756836463257e-01,2.742921096139489379e+01,3.310965980256870722e+00
2.078576756836463257e-01,2.466472071965192914e+00,3.261772554094854115e+00,1.683421338726531857e+01
2.742921096139490089e+01,3.261772554094854115e+00,4.701247437006813357e+02,5.704446204836276024e+01
3.310965980256870722e+00,1.683421338726531502e+01,5.704446204836276024e+01,2.577912031301344769e+02
# ;
2.380885681279141242e+00,1.074126759268379250e-01,2.547472676239226885e+01,1.848732711824971897e+00
1.074126759268379250e-01,1.864490081283557421e+00,1.976283545841563516e+00,1.236491454487344299e+01
2.547472676239226885e+01,1.976283545841563516e+00,6.155263525604625556e+02,3.752289432850766104e+01
1.848732711824971453e+00,1.236491454487344122e+01,3.752289432850765394e+01,2.728266574241536659e+02
# ;
2.620151705098292982e+00,3.765309253827656133e-02,2.889554432024788611e+01,6.282046126034936950e-01
3.765309253827656133e-02,1.864793126505441823e+00,2.527431492860645612e-01,1.432866025819340550e+01
2.889554432024787900e+01,2.527431492860643392e-01,5.758045482277435667e+02,8.047218258472078389e+00
6.282046126034934730e-01,1.432866025819340727e+01,8.047218258472078389e+00,2.929650409203962909e+02
# ;
3.109188226436365277e+00,-3.044949752883824301e-02,2.684768745187619032e+01,-2.973701884505433046e-01
-3.044949752883824301e-02,2.286131642839933420e+00,-7.009259745536282615e-01,1.663041885044695789e+01
2.684768745187620453e+01,-7.009259745536287056e-01,3.420686757870000747e+02,-6.037577679854427615e+00
-2.973701884505433046e-01,1.663041885044695789e+01,-6.037577679854425838e+00,2.130525367795958687e+02
# ;
2.648303573619251505e+00,-3.145907033387265739e-02,1.923502657714414710e+01,-3.115654899650026621e-01
-3.145907033387267127e-02,2.152107568058567733e+00,-5.426536117234429524e-01,1.401826260288132175e+01
1.923502657714414710e+01,-5.426536117234428414e-01,2.074291979336131249e+02,-4.910280923692091903e+00
-3.115654899650026621e-01,1.401826260288132175e+01,-4.910280923692091903e+00,1.505382602428967971e+02
# ;
1.933521195995808295e+00,-1.886128886568769203e-02,1.348635995990638747e+01,-2.043368300747741007e-01
-1.886128886568769203e-02,1.674087349980762696e+00,-3.661846137266814294e-01,1.067081627227915419e+01
1.348635995990638925e+01,-3.661846137266814294e-01,1.601027682904247058e+02,-3.809100157962532762e+00
-2.043368300747741562e-01,1.067081627227915419e+01,-3.809100157962532318e+00,1.279938103925439492e+02
# ;
1.792468319135242183e+00,-1.709717638848597121e-02,1.174177382474067599e+01,-1.643140619345021536e-01
-1.709717638848597121e-02,1.605344024064884412e+00,-2.903472207787196058e-01,1.004245272227135466e+01
1.174177382474067599e+01,-2.903472207787196613e-01,1.349438059464212927e+02,-2.945138153132757175e+00
-1.643140619345021536e-01,1.004245272227135644e+01,-2.945138153132757619e+00,1.206109209603056200e+02
# ;
2.057158082249725517e+00,-1.953582388474150305e-02,1.163833856928299859e+01,-1.401033571627337826e-01
-1.953582388474150305e-02,1.914202356680291262e+00,-2.351884958459014019e-01,1.082473121908884650e+01
1.163833856928300037e+01,-2.351884958459014019e-01,1.025532943757135200e+02,-1.833498321902209627e+00
-1.401033571627337826e-01,1.082473121908884650e+01,-1.833498321902209849e+00,9.915813576985392785e+01
# ;
1.630875143734077160e+00,-1.280023312906267835e-02,9.401444891471008702e+00,-1.271292708985530262e-01
-1.280023312906267835e-02,1.568718977162868455e+00,-2.191510281141384464e-01,9.352317586916917946e+00
9.401444891471008702e+00,-2.191510281141384187e-01,1.282890165704532421e+02,-3.305664489890424385e+00
-1.271292708985529984e-01,9.352317586916917946e+00,-3.305664489890424385e+00,1.344377235456327924e+02
# ;
1.705702777715821128e+00,-1.692771676926660418e-02,1.075689790435004412e+01,-1.916167324993126031e-01
-1.692771676926660071e-02,1.691558454887285734e+00,-2.696417859306646791e-01,1.123679499606283727e+01
1.075689790435004412e+01,-2.696417859306647902e-01,1.495284800132793066e+02,-3.818922649202975528e+00
-1.916167324993126031e-01,1.123679499606283727e+01,-3.818922649202975084e+00,1.618336230891174807e+02
# ;
1.967630783832619690e+00,-3.433175223624207462e-02,1.780506809422152514e+01,-4.914023773380095106e-01
-3.433175223624207462e-02,2.062101592253002380e+00,-5.831263408711215845e-01,1.996258681495201870e+01
1.780506809422152870e+01,-5.831263408711215845e-01,3.932785685208496602e+02,-9.345227660573426576e+00
-4.914023773380096216e-01,1.996258681495201870e+01,-9.345227660573426576e+00,4.332123105624515915e+02
# ;
3.261897979113468793e+00,-1.642347330204574352e-02,4.417404837704384590e+01,-2.030341667644224302e-01
-1.642347330204574352e-02,3.468838889647347656e+00,-1.137131137146849547e-01,4.574636649933233912e+01
4.417404837704386011e+01,-1.137131137146849547e-01,1.157366998232893593e+03,-1.217560455862628288e+00
-2.030341667644224302e-01,4.574636649933233912e+01,-1.217560455862624735e+00,1.168135896919744710e+03
# ;
2.706495878550360779e+00,7.400897629075009476e-02,4.307249588296517828e+01,-1.284489054429442945e-01
7.400897629075015027e-02,2.635941533752962584e+00,1.076978117158235548e+00,4.170249505035798165e+01
4.307249588296518539e+01,1.076978117158235548e+00,3.053181019221478437e+03,1.233348428945717501e+00
-1.284489054429438504e-01,4.170249505035798165e+01,1.233348428945738817e+00,3.042513848427040557e+03
# ;
3.731846441164794470e+00,1.806901804375099507e-02,5.536121886453847196e+01,-5.050398936881270728e-01
1.806901804375099507e-02,3.685517441014265927e+00,3.475123087289144763e-03,5.564828843010562309e+01
5.536121886453844354e+01,3.475123087289144763e-03,1.491797031477554356e+03,3.332298386194581852e+00
-5.050398936881270728e-01,5.564828843010562309e+01,3.332298386194580075e+00,1.490380822926380006e+03
# ;
3.263360380569854335e+00,4.622444669388353633e-03,4.137291707915944983e+01,-2.666051935647910098e-01
4.622444669388346694e-03,3.220959120648231533e+00,9.684157727039283126e-02,4.139410252911591215e+01
4.137291707915946404e+01,9.684157727039288677e-02,1.086415235202969143e+03,6.302186432938568394e+00
-2.666051935647910653e-01,4.139410252911591215e+01,6.302186432938568394e+00,1.076232651852463732e+03
# ;
3.503019865274280775e+00,9.890698197621283771e-04,3.534434032457218677e+01,-5.039848902976398759e-02
9.890698197621283771e-04,3.478360410825733773e+00,1.343628753079488258e-01,3.529315608043447128e+01
3.534434032457217256e+01,1.343628753079488258e-01,6.439862254202798795e+02,3.906825248138344531e+00
-5.039848902976398759e-02,3.529315608043447128e+01,3.906825248138344087e+00,6.371616646031271785e+02
# ;
3.145985314706845948e+00,-1.103938501275934445e-03,3.127038432546424929e+01,-5.105988985064063845e-02
-1.103938501275932710e-03,3.125102193479842860e+00,9.932959654865533561e-02,3.127825069441475847e+01
3.127038432546425639e+01,9.932959654865533561e-02,6.848232365007953604e+02,1.973494583427262361e+00
-5.105988985064063845e-02,3.127825069441475847e+01,1.973494583427262361e+00,6.812325948084613856e+02
# ;
2.267081372988167587e+00,-2.642034914934079590e-03,2.642932566567603914e+01,-7.703897485441735249e-02
-2.642034914934080457e-03,2.248928490757955423e+00,5.765358145915867177e-02,2.653563531842765144e+01
2.642932566567610309e+01,5.765358145915872728e-02,1.237945734342182504e+03,1.188130087977666172e+00
-7.703897485441735249e-02,2.653563531842765499e+01,1.188130087977664395e+00,1.234748164499148061e+03
# ;
2.357402096381470802e+00,-8.428564803861864595e-04,3.627342207583380684e+01,-2.341939880475316788e-02
-8.428564803861873268e-04,2.350148065267400721e+00,4.368654666872522768e-02,3.640424136164807578e+01
3.627342207583384237e+01,4.368654666872524850e-02,1.363166442527158097e+03,7.067668229787449352e-01
-2.341939880475318869e-02,3.640424136164807578e+01,7.067668229787433809e-01,1.358470130589522341e+03
# ;
3.528497187860976325e+00,1.620041914708230182e-04,4.061707973247611392e+01,-4.086955534422422737e-04
1.620041914708225846e-04,3.528206497060958569e+00,9.741602102514325401e-03,4.061013202407022504e+01
4.061707973247612813e+01,9.741602102514346218e-03,7.250789679499077920e+02,5.672428406579899107e-02
-4.086955534422544167e-04,4.061013202407022504e+01,5.672428406579849147e-02,7.216193983384014246e+02
# ;
2.417193305605057851e+00,-1.644102257960547604e-03,2.935873526570499692e+01,-7.313684422641034133e-03
-1.644102257960547604e-03,2.416186380339392148e+00,-3.637051891356106459e-02,2.932075952162376709e+01
2.935873526570499692e+01,-3.637051891356105071e-02,1.068226378779421566e+03,-2.080481523569223112e-01
-7.313684422641048011e-03,2.932075952162376709e+01,-2.080481523569223112e-01,1.064423707449525409e+03
# ;
2.835892685749387354e+00,-3.557117022752574395e-03,3.697728666315997970e+01,6.307889342443612213e-03
-3.557117022752574395e-03,2.826716513914941498e+00,-3.638161120409111327e-02,3.685803433780383642e+01
3.697728666315997970e+01,-3.638161120409111327e-02,9.299445289727045747e+02,6.553115890319372028e-03
6.307889342443612213e-03,3.685803433780384353e+01,6.553115890319149983e-03,9.274688698912799509e+02
# ;
2.680240885818292007e+00,-3.545558170048939209e-03,3.290146810908584030e+01,1.852380457852019491e-02
-3.545558170048940944e-03,2.663219078906715165e+00,-2.697905522585597460e-02,3.275562876687032343e+01
3.290146810908584740e+01,-2.697905522585597460e-02,7.850972979897837831e+02,-9.877174200375482549e-03
1.852380457852026430e-02,3.275562876687038028e+01,-9.877174200374816415e-03,7.833071221228202603e+02
# ;
3.388522606565164352e+00,1.064303889386632000e-04,3.069227874502433906e+01,2.889267350215549146e-02
1.064303889386630916e-04,3.375557575901734886e+00,1.104213846949971684e-03,3.066463122418663545e+01
3.069227874502433906e+01,1.104213846949971684e-03,4.365997522473076060e+02,-5.014247024985063472e-02
2.889267350215549146e-02,3.066463122418662834e+01,-5.014247024985074574e-02,4.362073487794818902e+02
# ;
2.845721512784366247e+00,2.106240434814480103e-03,2.391740152379390594e+01,2.939115883015600006e-02
2.106240434814478368e-03,2.831997327754928406e+00,6.582836185579560295e-03,2.388939574795150378e+01
2.391740152379390594e+01,6.582836185579574173e-03,4.025944433347830795e+02,-5.055658515837313516e-02
2.939115883015600006e-02,2.388939574795150733e+01,-5.055658515837313516e-02,4.019716898579703184e+02
# ;
2.096553229867946122e+00,3.592653910058618213e-03,1.828800281192237165e+01,4.095712183970673381e-02
3.592653910058618213e-03,2.084309282795246077e+00,2.072570908946716473e-02,1.825233135845871146e+01
1.828800281192237520e+01,2.072570908946716473e-02,4.406283619121268202e+02,1.066480828048153029e-01
4.095712183970674769e-02,1.825233135845871146e+01,1.066480828048153029e-01,4.396316726672764048e+02
# ;
2.233495145804093696e+00,3.831275618396079441e-03,2.049622052784953397e+01,3.113267483573955996e-02
3.831275618396079441e-03,2.226164447934980029e+00,1.847907940534801452e-02,2.048126905456151903e+01
2.049622052784953397e+01,1.847907940534801452e-02,3.843802500515505471e+02,1.023355763580542366e-01
3.113267483573955996e-02,2.048126905456152258e+01,1.023355763580542366e-01,3.835214128946256551e+02
# ;
2.462239885076642487e+00,2.991011988700175567e-03,2.051135535671945931e+01,1.795947468292249938e-02
2.991011988700175567e-03,2.458948138046944454e+00,1.153502199814575302e-02,2.050479424448117527e+01
2.051135535671945931e+01,1.153502199814575996e-02,2.983552186564909334e+02,8.149580767457043073e-02
1.795947468292251326e-02,2.050479424448117527e+01,8.149580767457054176e-02,2.976959366061090577e+02
# ;
2.375148059751245544e+00,2.252970516253633565e-03,1.814172835209985379e+01,1.345327796778133383e-02
2.252970516253633565e-03,2.374573156601402779e+00,1.109572714642306779e-02,1.814301956499082991e+01
1.814172835209985379e+01,1.109572714642306085e-02,2.504786459234237554e+02,1.170825663270909089e-01
1.345327796778133383e-02,1.814301956499082991e+01,1.170825663270909089e-01,2.500410804644953089e+02
# ;
1.809295485160735906e+00,1.559006351046043296e-03,1.397526219246194756e+01,1.201683788355954394e-02
1.559006351046043296e-03,1.809948175722866148e+00,1.194944159191120570e-02,1.398592798279366711e+01
1.397526219246194756e+01,1.194944159191120917e-02,2.686165034347076812e+02,1.776583445702205610e-01
1.201683788355954394e-02,1.398592798279366889e+01,1.776583445702205333e-01,2.683455842289976090e+02
# ;
1.901767027606575455e+00,1.242181038938649802e-03,1.540697992440852282e+01,1.001481586758590572e-02
1.242181038938650235e-03,1.902915205666607656e+00,1.102237002609134792e-02,1.541471684045291468e+01
1.540697992440852282e+01,1.102237002609134792e-02,2.597391356118331487e+02,1.599944280910140515e-01
1.001481586758579123e-02,1.541471684045319535e+01,1.599944280910130523e-01,2.595869129198027849e+02
# ;
2.244418442116138834e+00,7.890025951036048688e-04,1.702024052957381173e+01,4.939646655584439827e-03
7.890025951036024835e-04,2.245609026045365386e+00,6.814918312718073329e-03,1.702467216841434805e+01
1.702024052957381173e+01,6.814918312718153126e-03,2.253764427998243320e+02,8.512142845139852865e-02
4.939646655584328805e-03,1.702467216841447595e+01,8.512142845139568370e-02,2.253186673115650365e+02
# ;
1.874393360212813997e+00,2.527849150624978183e-04,1.422195458905122045e+01,1.476611504412626320e-04
2.527849150624972762e-04,1.875272705033923293e+00,2.668971997853172504e-03,1.422548696890271813e+01
1.422195458905122045e+01,2.668971997853212402e-03,2.390303835908798646e+02,4.147368506603189842e-02
1.476611504412168787e-04,1.422548696890278919e+01,4.147368506602865101e-02,2.390255028984718138e+02
# ;
1.921985450951072982e+00,1.116763305554112421e-05,1.493111955643919231e+01,-1.758903259230559140e-03
1.116763305553970798e-05,1.922504732968031149e+00,6.865383825948802483e-04,1.493220510799658207e+01
1.493111955643919231e+01,6.865383825949442163e-04,2.375846726137611427e+02,1.310969792780532564e-02
-1.758903259230623541e-03,1.493220510799665313e+01,1.310969792780241304e-02,2.375953178272076798e+02
# ;
1.920657256437236393e+00,-1.051260274993914658e-05,1.500327059386729900e+01,-1.388397042460382848e-03
-1.051260274993976661e-05,1.920788164449596103e+00,7.325119329381465840e-04,1.500199083734278815e+01
1.500327059386729900e+01,7.325119329381768333e-04,2.373054690115251333e+02,1.151431308669375632e-02
-1.388397042460413205e-03,1.500199083734282546e+01,1.151431308669228007e-02,2.373142842392675220e+02
# ;
2.400353923309808568e+00,6.914800935394879093e-05,1.684498878839044522e+01,-7.298842224418120202e-05
6.914800935394879093e-05,2.400285280093820806e+00,1.402434225836532780e-03,1.684393323881989346e+01
1.684498878839044522e+01,1.402434225836533214e-03,1.970189127811502203e+02,1.295419854884440405e-02
-7.298842224418174412e-05,1.684393323881990767e+01,1.295419854884439538e-02,1.970307375603952096e+02
# ;
1.812305745706832560e+00,3.132605237453684783e-05,1.283663022767358264e+01,-2.104902647410987796e-04
3.132605237453684106e-05,1.812388922049084305e+00,8.949404655622195202e-04,1.283726093420242975e+01
1.283663022767358441e+01,8.949404655622195202e-04,2.255777010376738758e+02,7.641188997874574784e-03
-2.104902647410987796e-04,1.283726093420242798e+01,7.641188997874573917e-03,2.256035706279455439e+02
# ;
2.036368883144348718e+00,6.086325584082700189e-06,1.508530420557515050e+01,-2.340768227472607009e-04
6.086325584082700189e-06,2.036441721415194639e+00,4.316752329669308651e-04,1.508593909834606883e+01
1.508530420557515050e+01,4.316752329669308651e-04,2.211256840901392593e+02,3.005588467458688087e-03
-2.340768227472606738e-04,1.508593909834607061e+01,3.005588467458688087e-03,2.211427353181238118e+02
# ;
1.995316909760000534e+00,8.912540746443464105e-06,1.473053887260816452e+01,-6.882531319329171450e-05
8.912540746443464105e-06,1.995320852365632058e+00,3.395472565607129348e-04,1.473056395776542438e+01
1.473053887260816452e+01,3.395472565607128806e-04,2.191686948951201543e+02,3.033167416285913100e-03
-6.882531319329171450e-05,1.473056395776542438e+01,3.033167416285913534e-03,2.191757665463478020e+02
# ;
